feature,mean_importance
GENDER,0.0
AGE,0.0
SMOKING,0.0
PEER_PRESSURE,0.0
FATIGUE ,0.0
SHORTNESS OF BREATH,0.0
SWALLOWING DIFFICULTY,0.0
ANXIETY,0.00922381896116643
CHRONIC DISEASE,0.00945474888301594
CHEST PAIN,0.015334517916333024
YELLOW_FINGERS,0.021679140264412887
COUGHING,0.02425134411727652
ALCOHOL CONSUMING,0.03293513107831425
WHEEZING,0.04185844357909728
ALLERGY ,0.06992206788270759
