feature,mean_importance
GENDER,0.0
SMOKING,0.0
SHORTNESS OF BREATH,0.0
CHRONIC DISEASE,0.0020915937392486207
AGE,0.0026526819566570657
FATIGUE ,0.0034792774983127273
ANXIETY,0.004356608451914656
SWALLOWING DIFFICULTY,0.011812373719114987
YELLOW_FINGERS,0.012920494721650844
CHEST PAIN,0.013442525487021007
COUGHING,0.02434657361261531
PEER_PRESSURE,0.02851818889297446
ALCOHOL CONSUMING,0.02893673625827938
WHEEZING,0.03949030370106661
ALLERGY ,0.1167123754228749
