feature,mean_importance
GENDER,0.0
AGE,0.0
SMOKING,0.0
SHORTNESS OF BREATH,0.0
SWALLOWING DIFFICULTY,0.0
CHRONIC DISEASE,0.004917364757377885
ANXIETY,0.009050428725376624
FATIGUE ,0.009633890662599587
CHEST PAIN,0.02046161843542125
YELLOW_FINGERS,0.021041447037231875
COUGHING,0.030704852695404305
PEER_PRESSURE,0.031105834200574334
WHEEZING,0.03324486809828683
ALCOHOL CONSUMING,0.047947674732000886
ALLERGY ,0.08090215899130299
