feature,mean_importance
GENDER,0.0
SMOKING,0.0
FATIGUE ,0.0
SHORTNESS OF BREATH,0.0
SWALLOWING DIFFICULTY,0.0
AGE,0.000284222411490076
CHRONIC DISEASE,0.0015127697596993173
ANXIETY,0.00446346923972869
CHEST PAIN,0.007976063851876191
YELLOW_FINGERS,0.008544124779964158
PEER_PRESSURE,0.012798070525369932
COUGHING,0.020825931894885675
ALCOHOL CONSUMING,0.025154895516824836
WHEEZING,0.028943006025585118
ALLERGY ,0.07359089538024491
