feature,mean_importance
SMOKING,0.0
CHRONIC DISEASE,0.0
AGE,1.3205893755496856e-05
COUGHING,0.00865114003326426
ANXIETY,0.00869712573081195
SHORTNESS OF BREATH,0.008944719546315205
CHEST PAIN,0.011836411448118377
GENDER,0.012845619741175918
YELLOW_FINGERS,0.016583668560167786
ALCOHOL CONSUMING,0.02973347808718141
SWALLOWING DIFFICULTY,0.032227137969669695
FATIGUE ,0.03421914089151011
WHEEZING,0.06782512336356897
ALLERGY ,0.08369364112541738
PEER_PRESSURE,0.09183605228434956
