feature,mean_importance
SMOKING,0.0
CHRONIC DISEASE,0.004027072094208661
AGE,0.008510529059013528
GENDER,0.010543979067117492
ALCOHOL CONSUMING,0.02103321397531126
YELLOW_FINGERS,0.03919509314934938
SWALLOWING DIFFICULTY,0.04201509292127446
FATIGUE ,0.045779157546728545
ANXIETY,0.04895139298085997
WHEEZING,0.05035820895670958
COUGHING,0.05202380359159453
SHORTNESS OF BREATH,0.08168399002624076
ALLERGY ,0.09967960775474724
CHEST PAIN,0.10147217847137344
PEER_PRESSURE,0.13022447502032378
