feature,mean_importance
SMOKING,-0.0015303730147485984
GENDER,0.0
PEER_PRESSURE,0.0
CHRONIC DISEASE,0.0
SHORTNESS OF BREATH,0.0
SWALLOWING DIFFICULTY,0.0
AGE,0.0005832014398160279
ANXIETY,0.002312348740830883
CHEST PAIN,0.010526515133337355
YELLOW_FINGERS,0.02772774756346068
FATIGUE ,0.029835533867246578
ALCOHOL CONSUMING,0.04130299728095823
WHEEZING,0.045261426383426506
COUGHING,0.05722069869257131
ALLERGY ,0.09194664335147476
