feature,mean_importance
GENDER,-0.0009961058050675597
PEER_PRESSURE,0.0
FATIGUE ,0.0
SHORTNESS OF BREATH,0.0
SWALLOWING DIFFICULTY,0.0
AGE,0.0014401880082028252
SMOKING,0.002437616829110534
CHRONIC DISEASE,0.009035522941945151
CHEST PAIN,0.016289721206236674
ALCOHOL CONSUMING,0.018717443030546732
WHEEZING,0.029624509179824156
YELLOW_FINGERS,0.03449063009479565
ANXIETY,0.0385745621089286
ALLERGY ,0.051448187014555745
COUGHING,0.07497193814051141
