feature,mean_importance
AGE,-0.00613718649012025
FATIGUE ,0.0
SHORTNESS OF BREATH,0.0
SWALLOWING DIFFICULTY,0.0
GENDER,0.0002734281521281967
SMOKING,0.007336099850184341
CHRONIC DISEASE,0.007907284070357101
PEER_PRESSURE,0.008639493926207099
CHEST PAIN,0.013307277010179908
YELLOW_FINGERS,0.017458095787938988
ALCOHOL CONSUMING,0.021090436456177385
WHEEZING,0.02380702166499359
ANXIETY,0.025130392363003705
ALLERGY ,0.053012949239660066
COUGHING,0.053382208084587324
