feature,mean_importance
SMOKING,0.0
CHEST PAIN,0.0
COUGHING,0.007746737850814711
CHRONIC DISEASE,0.007995251676874027
AGE,0.01261545477770799
FATIGUE ,0.01527330505615937
SWALLOWING DIFFICULTY,0.02031255302941639
YELLOW_FINGERS,0.026331629660451984
WHEEZING,0.02903984373189531
SHORTNESS OF BREATH,0.03554561813697029
ANXIETY,0.0365675750082561
GENDER,0.050738957744035064
ALCOHOL CONSUMING,0.06623037636132859
PEER_PRESSURE,0.06734252377291733
ALLERGY ,0.08243599907267057
