feature,mean_importance
GENDER,0.0
SMOKING,0.0
FATIGUE ,0.0
SWALLOWING DIFFICULTY,0.0
random_feature,0.0
AGE,0.003968053734876098
CHRONIC DISEASE,0.006169840529134741
ALLERGY ,0.012155670455510558
YELLOW_FINGERS,0.014694965016634942
WHEEZING,0.015454263629673637
COUGHING,0.01856482356549898
CHEST PAIN,0.030141082924362617
ANXIETY,0.03050837218401774
PEER_PRESSURE,0.04151098596006333
SHORTNESS OF BREATH,0.04805300740959528
ALCOHOL CONSUMING,0.05681783577547368
