feature,mean_importance
SHORTNESS OF BREATH,-0.009586894345746864
ANXIETY,0.00035139247286220253
SWALLOWING DIFFICULTY,0.009795951573383
CHRONIC DISEASE,0.016865195409203306
CHEST PAIN,0.022719946683330827
SMOKING,0.026277258528769516
AGE,0.03451799156410365
PEER_PRESSURE,0.03488216656842824
WHEEZING,0.0446547569843717
FATIGUE ,0.07949743003731195
YELLOW_FINGERS,0.10367615968009918
ALCOHOL CONSUMING,0.1261875865855004
ALLERGY ,0.22069936508125004
