feature,mean_importance
SMOKING,-0.021229658413170305
ANXIETY,0.002549306620516867
SHORTNESS OF BREATH,0.006917849339963917
CHEST PAIN,0.007519758960651185
YELLOW_FINGERS,0.01407808288470574
CHRONIC DISEASE,0.027210859733401697
AGE,0.03820405138718809
WHEEZING,0.04070749767074773
SWALLOWING DIFFICULTY,0.04565757995679638
ALCOHOL CONSUMING,0.05545453349306014
FATIGUE ,0.07617395109655105
PEER_PRESSURE,0.10527459151025201
ALLERGY ,0.26106082307292616
