feature,mean_importance
ANXIETY,0.005209499190691441
SHORTNESS OF BREATH,0.01073796601892254
PEER_PRESSURE,0.011413054219472293
SMOKING,0.017733102294609292
SWALLOWING DIFFICULTY,0.021607722697810482
YELLOW_FINGERS,0.04595504522724064
WHEEZING,0.04606834480067136
CHEST PAIN,0.06453786165217992
CHRONIC DISEASE,0.08938765278262943
ALCOHOL CONSUMING,0.10119728981470996
AGE,0.1534798895512954
FATIGUE ,0.17034536335869185
ALLERGY ,0.21644981365763455
