feature,mean_importance
ANXIETY,0.017706350461576065
CHEST PAIN,0.01842528054999613
CHRONIC DISEASE,0.03157310339716726
SHORTNESS OF BREATH,0.03481428677419704
SMOKING,0.037905947780568175
PEER_PRESSURE,0.06412522354550104
SWALLOWING DIFFICULTY,0.06778324310231386
AGE,0.07726922287149887
WHEEZING,0.08914075635708757
YELLOW_FINGERS,0.08958818441081406
FATIGUE ,0.0896063759537978
ALCOHOL CONSUMING,0.09072539549116666
ALLERGY ,0.2786672929304054
