feature,mean_importance
ANXIETY,0.005718088984872622
SMOKING,0.005764550598886349
CHEST PAIN,0.007625924667098684
SHORTNESS OF BREATH,0.013386548915135613
WHEEZING,0.01874197781336383
PEER_PRESSURE,0.050459341657362836
AGE,0.05470724549953976
SWALLOWING DIFFICULTY,0.05724005255323987
CHRONIC DISEASE,0.0700324479821616
YELLOW_FINGERS,0.07646660990198877
ALCOHOL CONSUMING,0.08199046853649491
FATIGUE ,0.10714366506380153
ALLERGY ,0.20686780817598582
