feature,mean_importance
ANXIETY,-0.022481935051895434
YELLOW_FINGERS,-0.021969947715196687
CHEST PAIN,-0.02195839372153859
ALCOHOL CONSUMING,0.01028283684588403
AGE,0.02090486861462808
SWALLOWING DIFFICULTY,0.0484243923674328
SMOKING,0.056928811815174354
CHRONIC DISEASE,0.06020179177375461
WHEEZING,0.08964098940205545
SHORTNESS OF BREATH,0.09967271070225692
PEER_PRESSURE,0.18595398975192629
ALLERGY ,0.3258829816636659
FATIGUE ,0.6753514140579935
