feature,mean_importance
SHORTNESS OF BREATH,0.0006722541129183579
SMOKING,0.004076522304418129
CHRONIC DISEASE,0.008465603166673141
AGE,0.008771197462161706
ANXIETY,0.026482130923969137
YELLOW_FINGERS,0.026987984956181998
PEER_PRESSURE,0.027034127684624664
SWALLOWING DIFFICULTY,0.031674527021503404
WHEEZING,0.05032886159361284
CHEST PAIN,0.05299267803330025
FATIGUE ,0.05542601240241106
ALCOHOL CONSUMING,0.06513148565040336
ALLERGY ,0.07390600934817683
