feature,mean_importance
CHEST PAIN,-0.007157835870020901
AGE,0.029618639308782647
YELLOW_FINGERS,0.032243067156484215
ALCOHOL CONSUMING,0.0346137291796592
SMOKING,0.04479905598614699
CHRONIC DISEASE,0.04522003044647745
ANXIETY,0.045650290187518
WHEEZING,0.04876649865493772
SWALLOWING DIFFICULTY,0.10540112045217857
SHORTNESS OF BREATH,0.10810239114970618
PEER_PRESSURE,0.15349530178599274
ALLERGY ,0.24112672067476898
FATIGUE ,0.3009391249493507
