feature,mean_importance
AGE,0.0031872165029925236
YELLOW_FINGERS,0.00392223485791911
ANXIETY,0.023807108158653573
SMOKING,0.036343791404132644
CHRONIC DISEASE,0.03885778665204268
SWALLOWING DIFFICULTY,0.04885611674072416
PEER_PRESSURE,0.058648264021873876
ALCOHOL CONSUMING,0.06006317026908616
CHEST PAIN,0.07203626101894697
WHEEZING,0.08615579866798125
ALLERGY ,0.12796318788849054
SHORTNESS OF BREATH,0.13689863089997273
FATIGUE ,0.3279783929247354
