feature,mean_importance
CHEST PAIN,-0.001722424648577614
ANXIETY,0.02025151545219562
AGE,0.024705761729180997
SWALLOWING DIFFICULTY,0.029633495836991503
SHORTNESS OF BREATH,0.030457665530709378
SMOKING,0.039214860090443324
CHRONIC DISEASE,0.039584224128927856
YELLOW_FINGERS,0.041341052019815576
WHEEZING,0.04202142563046792
ALCOHOL CONSUMING,0.09063345565379363
FATIGUE ,0.09578244475987271
ALLERGY ,0.0984058126553081
PEER_PRESSURE,0.11827519862731224
