feature,mean_importance
GENDER,0.0
ANXIETY,0.0
CHEST PAIN,0.0
SMOKING,0.00018076603537264813
SHORTNESS OF BREATH,0.0006920506158155648
COUGHING,0.0009504860903311374
CHRONIC DISEASE,0.0016444441622590511
AGE,0.006973965828749351
YELLOW_FINGERS,0.007800752009539946
FATIGUE ,0.011935798688852773
SWALLOWING DIFFICULTY,0.019369315594859538
WHEEZING,0.04088230652912027
ALCOHOL CONSUMING,0.05082504458367053
PEER_PRESSURE,0.08002875578728276
ALLERGY ,0.17615540649881256
