target,prediction
1,1.0
1,1.0
1,1.0
1,1.0
1,1.0
1,1.0
1,1.0
1,0.6363824164090355
1,1.0
1,1.0
1,0.20946080637878353
1,1.0
1,1.0
1,1.0
1,0.8810831818195192
1,1.0
1,1.0
0,0.0
1,0.6815396328284163
1,1.0
1,1.0
0,0.0
1,1.0
1,1.0
1,1.0
0,0.0
0,0.0
0,0.0
0,0.0
0,0.0
0,0.0
0,0.0
0,0.0
0,0.0
0,0.0
0,0.0
0,0.0
0,0.0
0,0.0
0,0.0
0,0.0
0,0.0
0,0.0
0,0.0
0,0.0
0,0.0
