feature,mean_importance
SMOKING,0.0037508284791979317
ANXIETY,0.006279132921141561
SHORTNESS OF BREATH,0.00922879552680671
AGE,0.009235516066486604
YELLOW_FINGERS,0.01976159591275235
CHRONIC DISEASE,0.021599826326101544
CHEST PAIN,0.03553589333620547
SWALLOWING DIFFICULTY,0.05170772581700224
WHEEZING,0.06554283558960487
FATIGUE ,0.08225288162174678
ALCOHOL CONSUMING,0.0922579330218229
PEER_PRESSURE,0.09477196872472202
ALLERGY ,0.1295149411609277
