feature,mean_importance
SMOKING,0.003839663852360187
SHORTNESS OF BREATH,0.004638596364552922
ANXIETY,0.00585099185816349
CHRONIC DISEASE,0.007545709270671869
AGE,0.01022506148529576
YELLOW_FINGERS,0.01529223173367153
FATIGUE ,0.03943364868303563
CHEST PAIN,0.05186366553098083
SWALLOWING DIFFICULTY,0.055985483727864646
WHEEZING,0.08098597344329103
ALCOHOL CONSUMING,0.0889024137814678
PEER_PRESSURE,0.14036964592518208
ALLERGY ,0.18962787375031157
