feature,mean_importance
CHRONIC DISEASE,1.1102230246251566e-17
SMOKING,0.0011619517616460295
AGE,0.0037349679887188126
SHORTNESS OF BREATH,0.012420660623422581
ANXIETY,0.021809736916377755
YELLOW_FINGERS,0.030362922916136965
SWALLOWING DIFFICULTY,0.03507736174145167
ALCOHOL CONSUMING,0.05817527928242485
CHEST PAIN,0.0832038664035322
WHEEZING,0.1453258416152593
ALLERGY ,0.16782674680899423
FATIGUE ,0.21547035973208234
PEER_PRESSURE,0.3098564141505342
