feature,mean_importance
SMOKING,0.008892231149571661
ANXIETY,0.012576343710864236
CHRONIC DISEASE,0.01349329939241265
SHORTNESS OF BREATH,0.01770593264261968
AGE,0.019103195566999777
FATIGUE ,0.03695090272429104
YELLOW_FINGERS,0.037790023278680876
CHEST PAIN,0.049415103685839123
SWALLOWING DIFFICULTY,0.05349046162889587
WHEEZING,0.059248566828725244
ALCOHOL CONSUMING,0.1153178159168824
PEER_PRESSURE,0.13992341334826053
ALLERGY ,0.14838891593416276
