feature,mean_importance
SMOKING,-0.0013488259262795343
ANXIETY,0.0003719768455003436
SHORTNESS OF BREATH,0.00775260964904354
CHRONIC DISEASE,0.009397052512976645
AGE,0.01152168154449979
YELLOW_FINGERS,0.02425417407819675
CHEST PAIN,0.030652596640751338
FATIGUE ,0.0646972964573175
WHEEZING,0.07072110463450057
ALCOHOL CONSUMING,0.0710476704046342
SWALLOWING DIFFICULTY,0.08982431626098157
PEER_PRESSURE,0.1451603559130756
ALLERGY ,0.19660102110779906
