feature,mean_importance
GENDER,-0.0022812331366081295
ANXIETY,0.0
CHRONIC DISEASE,0.0
COUGHING,0.0
AGE,0.0005076607258603816
SHORTNESS OF BREATH,0.0026116894346480345
SMOKING,0.00352544332526582
CHEST PAIN,0.0067540801961660235
FATIGUE ,0.01029882943452759
YELLOW_FINGERS,0.01847934074987486
WHEEZING,0.034878721235317336
SWALLOWING DIFFICULTY,0.04602614609784591
ALCOHOL CONSUMING,0.05377562044138488
PEER_PRESSURE,0.1497333205145844
ALLERGY ,0.36709891645360615
