feature,mean_importance
SMOKING,-0.008496445114196626
ANXIETY,0.00278395704256163
CHRONIC DISEASE,0.01140364942205389
SHORTNESS OF BREATH,0.012041365597025278
YELLOW_FINGERS,0.031205208913893678
WHEEZING,0.03297585107500303
CHEST PAIN,0.04204773398699164
AGE,0.05057894172120712
FATIGUE ,0.06394127762558222
SWALLOWING DIFFICULTY,0.07757644705909232
ALCOHOL CONSUMING,0.08580315632086599
PEER_PRESSURE,0.13315180634087734
ALLERGY ,0.3846873784360524
