feature,mean_importance
SHORTNESS OF BREATH,-0.0034621333770214285
ANXIETY,0.002905107648492877
CHRONIC DISEASE,0.007200806786648359
SMOKING,0.013085403839660703
CHEST PAIN,0.017063968200522646
SWALLOWING DIFFICULTY,0.04371413669721198
FATIGUE ,0.04506770414318435
AGE,0.055320346154829295
YELLOW_FINGERS,0.0668450737838369
WHEEZING,0.06748971095877265
PEER_PRESSURE,0.09671351299009179
ALCOHOL CONSUMING,0.11288299871543366
ALLERGY ,0.3660895376840575
