feature,mean_importance
SHORTNESS OF BREATH,0.009950922400576512
ANXIETY,0.010478950824499862
SMOKING,0.01386144881423631
CHEST PAIN,0.02196353729311295
CHRONIC DISEASE,0.03298519066490645
AGE,0.06619567573075943
WHEEZING,0.07480108802556526
FATIGUE ,0.07553717601956031
YELLOW_FINGERS,0.09952017808878307
ALCOHOL CONSUMING,0.10859072196295623
SWALLOWING DIFFICULTY,0.11207420355871611
PEER_PRESSURE,0.1276160485958079
ALLERGY ,0.3479198727775305
