feature,mean_importance
SHORTNESS OF BREATH,0.006161606291955285
ANXIETY,0.011373314137976726
SMOKING,0.021009485227545782
SWALLOWING DIFFICULTY,0.038983338609314286
CHEST PAIN,0.04167182151234068
PEER_PRESSURE,0.05089213823772788
CHRONIC DISEASE,0.056995588852395904
WHEEZING,0.06204546918236518
YELLOW_FINGERS,0.09171849620632408
AGE,0.10570456078666149
ALCOHOL CONSUMING,0.13436827272704638
FATIGUE ,0.1345049165269024
ALLERGY ,0.25882273648119514
