feature,mean_importance
SMOKING,0.002817782844164582
ANXIETY,0.00460416435247023
SHORTNESS OF BREATH,0.010333412289046245
CHEST PAIN,0.016630415244695253
WHEEZING,0.039546172788510456
AGE,0.042086191881161535
CHRONIC DISEASE,0.05691973015414466
YELLOW_FINGERS,0.0650997393583233
FATIGUE ,0.0754605514047069
SWALLOWING DIFFICULTY,0.07668891004725728
ALCOHOL CONSUMING,0.11121404108339747
PEER_PRESSURE,0.13368203192117378
ALLERGY ,0.25552279885387025
