feature,mean_importance
AGE,-0.00159535369855629
GENDER,-0.0007456397085377597
SHORTNESS OF BREATH,0.0
CHRONIC DISEASE,2.2204460492503132e-17
ANXIETY,0.0011531486889723498
CHEST PAIN,0.002320593342113886
COUGHING,0.004021265312391764
SMOKING,0.0100259768539803
FATIGUE ,0.022739696013556753
YELLOW_FINGERS,0.026672701722122716
SWALLOWING DIFFICULTY,0.03466970972611564
WHEEZING,0.0393264887905414
ALCOHOL CONSUMING,0.06222376952720837
PEER_PRESSURE,0.09716844696719024
ALLERGY ,0.22628515331918883
