feature,mean_importance
GENDER,-0.0022812331366081186
ANXIETY,0.0
CHRONIC DISEASE,0.0
COUGHING,0.0
AGE,0.0005076607258603816
SHORTNESS OF BREATH,0.002611689434648046
SMOKING,0.00352544332526582
CHEST PAIN,0.006754080196166001
FATIGUE ,0.01029882943452758
YELLOW_FINGERS,0.01847934074987486
WHEEZING,0.034878721235317336
SWALLOWING DIFFICULTY,0.0460261460978459
ALCOHOL CONSUMING,0.05377562044138491
PEER_PRESSURE,0.14973332051458438
ALLERGY ,0.36709891645360615
