feature,mean_importance
AGE,-0.005006894502412418
FATIGUE ,-0.0026257467299760527
SHORTNESS OF BREATH,-0.0010574717862767758
ANXIETY,0.0
CHRONIC DISEASE,0.0
SMOKING,1.1102230246251566e-17
CHEST PAIN,1.1102230246251566e-17
GENDER,2.2204460492503132e-17
COUGHING,2.2204460492503132e-17
YELLOW_FINGERS,0.00871666000493545
SWALLOWING DIFFICULTY,0.029192747715753274
WHEEZING,0.06529241183956794
ALCOHOL CONSUMING,0.10557169965361476
PEER_PRESSURE,0.15900427821660196
ALLERGY ,0.4474703326758401
