feature,mean_importance
SMOKING,0.0
SWALLOWING DIFFICULTY,0.007511492198444792
GENDER,0.008935804171320161
ANXIETY,0.011928111352542226
WHEEZING,0.019045203650774868
CHRONIC DISEASE,0.030411129965543925
SHORTNESS OF BREATH,0.03733345831191317
AGE,0.041468036383224625
COUGHING,0.0627602345006997
YELLOW_FINGERS,0.07057655865253704
PEER_PRESSURE,0.07198848580304326
ALLERGY ,0.08942285779262885
CHEST PAIN,0.09002276237927634
ALCOHOL CONSUMING,0.10232514327247685
FATIGUE ,0.11391475102782053
