feature,mean_importance
ANXIETY,0.001660031375980492
SMOKING,0.002383132847718003
CHEST PAIN,0.0029311674466424215
SHORTNESS OF BREATH,0.0034435899545387947
AGE,0.009751618691939268
CHRONIC DISEASE,0.052192643731328814
YELLOW_FINGERS,0.06751860837029425
ALCOHOL CONSUMING,0.07167256662084938
SWALLOWING DIFFICULTY,0.08427181576371401
WHEEZING,0.09240274030908469
FATIGUE ,0.10970047955951863
PEER_PRESSURE,0.11321344058052038
ALLERGY ,0.16050302847769074
