feature,mean_importance
CHEST PAIN,-0.0010447508763294477
ANXIETY,0.002061507812596458
SMOKING,0.002352109609756964
SHORTNESS OF BREATH,0.008246488268977559
AGE,0.05581964454918562
CHRONIC DISEASE,0.05660570384846571
ALCOHOL CONSUMING,0.06980350300381391
WHEEZING,0.07190052135095377
YELLOW_FINGERS,0.09109752761788215
SWALLOWING DIFFICULTY,0.0957183976220739
PEER_PRESSURE,0.11265861149251204
FATIGUE ,0.17061642608680572
ALLERGY ,0.1895271115079078
