feature,mean_importance
SHORTNESS OF BREATH,-0.0014471522842932293
ANXIETY,0.00010050046021500836
SMOKING,0.0013174495230962758
CHEST PAIN,0.008128808826770872
CHRONIC DISEASE,0.01740753869607193
AGE,0.022280185646185426
SWALLOWING DIFFICULTY,0.04813515445513232
YELLOW_FINGERS,0.05081921237649549
FATIGUE ,0.06839667829615481
WHEEZING,0.07477789864018783
PEER_PRESSURE,0.07794783469321169
ALCOHOL CONSUMING,0.11060235472542872
ALLERGY ,0.15228645261808652
