feature,mean_importance
SMOKING,-0.0047872247801526106
CHEST PAIN,-0.0015792133491418058
ANXIETY,-0.0008057173607399493
SHORTNESS OF BREATH,0.009148933853640068
YELLOW_FINGERS,0.010852906161429716
CHRONIC DISEASE,0.018130869568680097
AGE,0.02507297312274656
ALCOHOL CONSUMING,0.04260679811476245
SWALLOWING DIFFICULTY,0.0470678527561926
WHEEZING,0.06459792755698393
PEER_PRESSURE,0.09075984715999585
FATIGUE ,0.10761811161863177
ALLERGY ,0.2130642639889917
