feature,mean_importance
ANXIETY,0.0001853395960744797
CHEST PAIN,0.00593651240358597
SMOKING,0.00745710735613756
SHORTNESS OF BREATH,0.012010684851994607
AGE,0.012883573819304606
WHEEZING,0.02741712064670458
YELLOW_FINGERS,0.03103509054740512
CHRONIC DISEASE,0.05070648645923577
SWALLOWING DIFFICULTY,0.06033844182394203
PEER_PRESSURE,0.062444490972252374
ALCOHOL CONSUMING,0.10956347307621525
FATIGUE ,0.15669615446277305
ALLERGY ,0.1849246385231163
