feature,mean_importance
SMOKING,0.004330592684731771
CHRONIC DISEASE,0.011192160875562573
ANXIETY,0.012930347316695057
AGE,0.01422413632549333
SHORTNESS OF BREATH,0.020923959876194165
YELLOW_FINGERS,0.027610445742395275
CHEST PAIN,0.03398935159669023
WHEEZING,0.040018718569218556
SWALLOWING DIFFICULTY,0.04799849205295703
FATIGUE ,0.04932233047399999
PEER_PRESSURE,0.08147868069432217
ALCOHOL CONSUMING,0.12183549561278113
ALLERGY ,0.14922891632929663
