feature,mean_importance
SHORTNESS OF BREATH,0.0018354460462678246
ANXIETY,0.003091788877298224
SMOKING,0.0035615666736666775
CHRONIC DISEASE,0.007569806344991992
AGE,0.009771695248713014
YELLOW_FINGERS,0.010808977868272378
FATIGUE ,0.04686761601662973
CHEST PAIN,0.05503312251125754
SWALLOWING DIFFICULTY,0.05744469845837215
ALCOHOL CONSUMING,0.089125496768248
WHEEZING,0.09223739178038327
PEER_PRESSURE,0.1576681358090582
ALLERGY ,0.19014217238953157
