feature,mean_importance
SMOKING,0.0008871770812055813
CHRONIC DISEASE,0.004361758406498645
SHORTNESS OF BREATH,0.006795815279325828
AGE,0.008150444022918524
YELLOW_FINGERS,0.01229129632021192
ANXIETY,0.012307111480637655
FATIGUE ,0.05384606372439703
CHEST PAIN,0.061225702847619114
SWALLOWING DIFFICULTY,0.062454515401924635
ALCOHOL CONSUMING,0.06618160319782482
WHEEZING,0.09591240079313629
ALLERGY ,0.1572261605115774
PEER_PRESSURE,0.18189826583113047
