feature,mean_importance
SMOKING,0.004441038791396323
CHRONIC DISEASE,0.008324667543780463
ANXIETY,0.013673267271589185
AGE,0.01829665659688362
SHORTNESS OF BREATH,0.01887647722011395
YELLOW_FINGERS,0.028045773556529353
FATIGUE ,0.032654475599914856
CHEST PAIN,0.05204837708530571
SWALLOWING DIFFICULTY,0.05821366407636991
WHEEZING,0.05852121287665618
ALCOHOL CONSUMING,0.11439005148604293
ALLERGY ,0.1465815579700546
PEER_PRESSURE,0.1502133830396094
