feature,mean_importance
ANXIETY,-0.0002997944824405241
SMOKING,0.0010678202449941943
SHORTNESS OF BREATH,0.006663622494335641
AGE,0.00675591203747627
CHRONIC DISEASE,0.013495322206657851
CHEST PAIN,0.020523188840778084
YELLOW_FINGERS,0.02822503068141206
WHEEZING,0.05648140640690176
FATIGUE ,0.06721357782810444
SWALLOWING DIFFICULTY,0.07968976329607809
ALCOHOL CONSUMING,0.1026227115748998
PEER_PRESSURE,0.13919317676996898
ALLERGY ,0.20279333186715717
