feature,mean_importance
SHORTNESS OF BREATH,0.006820046336520336
ANXIETY,0.010764039358192378
SMOKING,0.02242690283384393
SWALLOWING DIFFICULTY,0.037978883746377964
CHEST PAIN,0.03925161159886374
PEER_PRESSURE,0.04975383132057264
CHRONIC DISEASE,0.05815661851850149
WHEEZING,0.060385650075392816
YELLOW_FINGERS,0.0933629924514378
AGE,0.10556396314314309
FATIGUE ,0.13546003377894372
ALCOHOL CONSUMING,0.14197150860668986
ALLERGY ,0.2679863623106332
