feature,mean_importance
ANXIETY,0.010449626270868085
SHORTNESS OF BREATH,0.010641620778913447
SMOKING,0.01382604826015143
CHEST PAIN,0.01834795296373528
CHRONIC DISEASE,0.03556616630536186
AGE,0.06835415521501412
FATIGUE ,0.0774421368584219
WHEEZING,0.08124887018376933
YELLOW_FINGERS,0.10303898988525836
ALCOHOL CONSUMING,0.10462247076981605
SWALLOWING DIFFICULTY,0.11198471599509822
PEER_PRESSURE,0.13173104534797936
ALLERGY ,0.35972617238783144
