feature,mean_importance
SMOKING,-0.012845206078132368
ANXIETY,0.00555562345850078
SHORTNESS OF BREATH,0.005615012016865878
CHRONIC DISEASE,0.01430974489417176
YELLOW_FINGERS,0.02729514108515897
CHEST PAIN,0.029592581161323656
WHEEZING,0.03263713903551413
AGE,0.05562968579704743
SWALLOWING DIFFICULTY,0.07223603189966613
ALCOHOL CONSUMING,0.07725968727726823
FATIGUE ,0.08958861162310708
PEER_PRESSURE,0.1179377294658404
ALLERGY ,0.3503508572375705
