feature,mean_importance
SMOKING,0.0020988505761360713
ANXIETY,0.004701328453774245
SHORTNESS OF BREATH,0.010088274400049146
CHEST PAIN,0.02172090130231238
AGE,0.041146223607104224
WHEEZING,0.042488367355916226
CHRONIC DISEASE,0.05341630625968963
YELLOW_FINGERS,0.06894862761919048
FATIGUE ,0.06938601969335649
SWALLOWING DIFFICULTY,0.07553353343344033
ALCOHOL CONSUMING,0.105667132168123
PEER_PRESSURE,0.13781784816267226
ALLERGY ,0.27613156436434927
