feature,mean_importance
SHORTNESS OF BREATH,-0.0026169025150108633
ANXIETY,0.0019854120718971525
CHRONIC DISEASE,0.011271063635563308
CHEST PAIN,0.016460188504743595
SMOKING,0.016712701580870133
SWALLOWING DIFFICULTY,0.03952114303939242
FATIGUE ,0.049169993189522025
AGE,0.05001288787873435
WHEEZING,0.061803838004551935
YELLOW_FINGERS,0.07786856642109247
PEER_PRESSURE,0.08740001749055783
ALCOHOL CONSUMING,0.1107219135847721
ALLERGY ,0.356316765396454
