target,prediction
1,1.0
1,1.0
1,1.0
1,1.0
1,1.0
1,1.0
1,1.0
1,0.8962205083663768
1,1.0
1,1.0
1,1.0
1,0.6741502195658087
1,1.0
1,1.0
1,1.0
1,0.12305162071323461
1,1.0
0,0.0
1,0.7163062128223805
1,1.0
1,1.0
0,0.0
1,1.0
1,1.0
1,1.0
0,0.0
0,0.0
0,0.0
0,0.0
0,0.0
0,0.0
0,0.0
0,0.0
0,0.0
0,0.0
0,0.0
0,0.0
0,0.0
0,0.0
0,0.0
0,0.0
0,0.0
0,0.0
0,0.0
0,0.0
0,0.0
