feature,mean_importance
SMOKING,0.0
CHRONIC DISEASE,0.0
FATIGUE ,0.0
CHEST PAIN,0.0
YELLOW_FINGERS,0.005272253147674188
COUGHING,0.005396083664158025
AGE,0.00753544672160904
WHEEZING,0.008146889400622049
SWALLOWING DIFFICULTY,0.012731855530331427
ANXIETY,0.01629124662284096
SHORTNESS OF BREATH,0.021363381727298302
GENDER,0.02256442320684977
PEER_PRESSURE,0.029090989804254085
ALLERGY ,0.03554269654338575
ALCOHOL CONSUMING,0.03953363654002491
