feature,mean_importance
SMOKING,-0.0006494822176266512
ANXIETY,0.0
GENDER,0.0016151656874489272
CHRONIC DISEASE,0.00196887301682066
COUGHING,0.002735058843078153
AGE,0.0035178125718857258
CHEST PAIN,0.004084938536637717
YELLOW_FINGERS,0.004728113715890714
SHORTNESS OF BREATH,0.005670424778067696
FATIGUE ,0.014534772743247626
WHEEZING,0.04334750023416577
ALCOHOL CONSUMING,0.04739271219103306
SWALLOWING DIFFICULTY,0.04831855661088831
PEER_PRESSURE,0.1181819136131929
ALLERGY ,0.19470878466721547
