feature,mean_importance
GENDER,-0.013593352459632547
SMOKING,-0.0009590754109698341
ANXIETY,0.0
COUGHING,0.0
AGE,0.004567696978752439
SHORTNESS OF BREATH,0.018108053255188838
CHRONIC DISEASE,0.02211300089566607
YELLOW_FINGERS,0.022562556443552373
ALCOHOL CONSUMING,0.0379064744882711
FATIGUE ,0.04019589194878207
SWALLOWING DIFFICULTY,0.047285393113049655
CHEST PAIN,0.067638445278487
PEER_PRESSURE,0.07480660843394575
WHEEZING,0.10355927200182577
ALLERGY ,0.1702558368386276
