target,prediction
1,1.0
1,1.0
1,1.0
1,1.0
1,0.6129032258064516
1,1.0
1,0.6129032258064516
1,1.0
1,1.0
1,1.0
1,1.0
1,0.5652173913043478
1,1.0
1,1.0
1,1.0
1,0.25
1,0.6129032258064516
0,0.0
1,0.1875
1,1.0
1,1.0
0,0.0
1,1.0
1,1.0
1,0.5652173913043478
0,0.0
0,0.5652173913043478
0,0.05
0,0.0
0,0.0
0,0.1875
0,0.0
0,0.5652173913043478
0,0.45454545454545453
0,0.0
0,0.0
0,0.45454545454545453
0,0.0
0,0.0
0,0.16666666666666666
0,0.16666666666666666
0,0.05
0,0.0
0,0.0
0,0.16666666666666666
0,0.0
