feature,mean_importance
ANXIETY,0.0
SHORTNESS OF BREATH,0.00033828614101156785
SMOKING,0.0006129868495484247
COUGHING,0.0007786011316577746
CHEST PAIN,0.004567283566407354
CHRONIC DISEASE,0.010526888683077384
AGE,0.02630007240442882
GENDER,0.03101644791707292
WHEEZING,0.036522539210525465
FATIGUE ,0.04127813622781118
YELLOW_FINGERS,0.051334858836521766
SWALLOWING DIFFICULTY,0.056807700859780444
ALCOHOL CONSUMING,0.09289121534311036
PEER_PRESSURE,0.1901096023310711
ALLERGY ,0.22205129476176416
