feature,mean_importance
SMOKING,0.0
CHRONIC DISEASE,0.0043353992199045895
AGE,0.0062469299220555665
CHEST PAIN,0.013700445881190026
ANXIETY,0.015213308270017534
FATIGUE ,0.020329036623895392
GENDER,0.024409498299246258
SHORTNESS OF BREATH,0.0258883049681089
SWALLOWING DIFFICULTY,0.028917152915175392
YELLOW_FINGERS,0.02971044310761035
COUGHING,0.03154791969673428
WHEEZING,0.03155091023798462
ALCOHOL CONSUMING,0.04973929739915014
ALLERGY ,0.05594318705718541
PEER_PRESSURE,0.06150432613688066
