feature,mean_importance
ANXIETY,0.0
COUGHING,0.0
SHORTNESS OF BREATH,0.0
GENDER,0.0028701978508745563
SMOKING,0.005277822798416776
CHRONIC DISEASE,0.0090518030390063
SWALLOWING DIFFICULTY,0.011158345072862497
CHEST PAIN,0.012112076089646661
FATIGUE ,0.020831549355928868
AGE,0.02281901009784435
WHEEZING,0.02796673182970596
YELLOW_FINGERS,0.040137555000301195
ALCOHOL CONSUMING,0.060978363633120446
PEER_PRESSURE,0.07714654491267339
ALLERGY ,0.14564851031332288
