feature,mean_importance
SMOKING,0.0
ANXIETY,0.0
AGE,2.3729201523919886e-05
ALLERGY ,0.006378735587760936
SHORTNESS OF BREATH,0.022541680716845352
GENDER,0.023450140641820234
WHEEZING,0.06075342369049471
CHRONIC DISEASE,0.07046288791276338
SWALLOWING DIFFICULTY,0.09484875828682537
COUGHING,0.11220336328757315
CHEST PAIN,0.12896247139377298
YELLOW_FINGERS,0.15116255016421917
ALCOHOL CONSUMING,0.5102067243170332
FATIGUE ,0.7351306859797302
PEER_PRESSURE,0.795003440374491
