feature,mean_importance
YELLOW_FINGERS,-0.19232393067622486
COUGHING,-0.11173356994146041
GENDER,0.0
AGE,0.0
ANXIETY,0.0
SWALLOWING DIFFICULTY,0.0
SMOKING,0.003615229649147356
SHORTNESS OF BREATH,0.029838084780980646
ALCOHOL CONSUMING,0.03461566333358403
CHRONIC DISEASE,0.040630476843816356
PEER_PRESSURE,0.08347876802099918
CHEST PAIN,0.10283675599380901
ALLERGY ,0.14074934043188408
FATIGUE ,0.7547595658993442
WHEEZING,3.882709922465202
