feature,mean_importance
CHEST PAIN,0.0031867640269891057
ANXIETY,0.024539799202392056
SMOKING,0.03569384321857
AGE,0.04175875798952574
SWALLOWING DIFFICULTY,0.060732754250977926
CHRONIC DISEASE,0.06420574806782559
ALCOHOL CONSUMING,0.06553623686511074
WHEEZING,0.09883501092027164
YELLOW_FINGERS,0.11311164859104328
PEER_PRESSURE,0.1462701253939628
SHORTNESS OF BREATH,0.17005621977989258
ALLERGY ,0.19927752841390828
FATIGUE ,0.23610913150098484
