feature,mean_importance
CHEST PAIN,0.012997949102672624
SHORTNESS OF BREATH,0.04239870478987488
AGE,0.05737725065001555
SMOKING,0.061132766074338526
CHRONIC DISEASE,0.06435487495183759
ANXIETY,0.06537542092369873
SWALLOWING DIFFICULTY,0.09123731619370232
YELLOW_FINGERS,0.09552895368928388
WHEEZING,0.09782636273716352
ALLERGY ,0.10118635463968746
ALCOHOL CONSUMING,0.1242207083197067
PEER_PRESSURE,0.18296328912442056
FATIGUE ,0.19592996152610886
