feature,mean_importance
CHEST PAIN,0.03165720129350198
WHEEZING,0.13348998282508698
ANXIETY,0.1512449011600584
CHRONIC DISEASE,0.18545857248908107
SMOKING,0.2272174430853509
ALLERGY ,0.24512953633092177
PEER_PRESSURE,0.3275301925742579
ALCOHOL CONSUMING,0.33411846780126114
SWALLOWING DIFFICULTY,0.3472793823449192
AGE,0.44511480398704
YELLOW_FINGERS,0.4937313061836733
SHORTNESS OF BREATH,0.6227506169044823
FATIGUE ,0.9047446049201149
