feature,mean_importance
CHEST PAIN,-0.007745697308178095
AGE,0.023544267305689714
ANXIETY,0.037145362465976564
ALCOHOL CONSUMING,0.04022900181522756
YELLOW_FINGERS,0.06663665728054238
WHEEZING,0.06940147666535594
CHRONIC DISEASE,0.10129378650939522
SMOKING,0.13380380567442907
SWALLOWING DIFFICULTY,0.1433086440801202
SHORTNESS OF BREATH,0.14702791321612682
ALLERGY ,0.22468509527171737
PEER_PRESSURE,0.2670121454917497
FATIGUE ,0.3594606249499866
