feature,mean_importance
CHEST PAIN,-0.03217106780005742
AGE,0.008580199996072558
ANXIETY,0.02165479644896317
ALCOHOL CONSUMING,0.056266044433558315
SMOKING,0.05904084615788787
YELLOW_FINGERS,0.06402276361957701
SWALLOWING DIFFICULTY,0.07669021137489944
WHEEZING,0.14016378421519415
CHRONIC DISEASE,0.1403005063333898
SHORTNESS OF BREATH,0.18176357373563773
ALLERGY ,0.26068583962969705
PEER_PRESSURE,0.3574199316250451
FATIGUE ,0.6567198438296402
