feature,mean_importance
AGE,-0.001226855522456538
SMOKING,-1.1102230246251566e-17
GENDER,0.0
CHRONIC DISEASE,0.0
CHEST PAIN,3.3727198881217116e-05
ANXIETY,0.008664798929557006
SHORTNESS OF BREATH,0.010016898590325974
COUGHING,0.028838760079811277
SWALLOWING DIFFICULTY,0.035329961015927856
YELLOW_FINGERS,0.045057195469987564
FATIGUE ,0.05129905668893918
WHEEZING,0.05580888185653189
ALCOHOL CONSUMING,0.14857379631497641
ALLERGY ,0.1763817095712003
PEER_PRESSURE,0.1885565030387655
