feature,mean_importance
GENDER,0.0
AGE,0.0
SMOKING,0.0
ANXIETY,0.0
COUGHING,0.0
SHORTNESS OF BREATH,0.0
CHRONIC DISEASE,0.00416368542637745
YELLOW_FINGERS,0.028795222242995466
CHEST PAIN,0.07827368858481551
ALLERGY ,0.08220889012003398
ALCOHOL CONSUMING,0.1020737763026621
WHEEZING,0.10927644845508362
SWALLOWING DIFFICULTY,0.12449404477266239
PEER_PRESSURE,0.14807332938013462
FATIGUE ,0.23018765245180517
