feature,mean_importance
SMOKING,0.004046384905708101
AGE,0.005327616356309206
CHRONIC DISEASE,0.008909130478915128
SHORTNESS OF BREATH,0.00972308566741965
ANXIETY,0.011861691675267905
CHEST PAIN,0.023961002803835684
YELLOW_FINGERS,0.03092600072538256
FATIGUE ,0.04087744046580659
SWALLOWING DIFFICULTY,0.05994529134834161
WHEEZING,0.07369630171795645
ALCOHOL CONSUMING,0.09452017382675779
PEER_PRESSURE,0.15772479178178805
ALLERGY ,0.17840619046476403
