feature,mean_importance
SHORTNESS OF BREATH,-0.002512673076450994
SMOKING,0.0017544651807804013
AGE,0.013967590311616967
CHRONIC DISEASE,0.02031274232681573
ANXIETY,0.020918309470454245
CHEST PAIN,0.03196195324582761
SWALLOWING DIFFICULTY,0.03253873264660145
YELLOW_FINGERS,0.04078673083688428
FATIGUE ,0.043974517881007785
WHEEZING,0.08803713949790923
ALCOHOL CONSUMING,0.13212556530685618
PEER_PRESSURE,0.1658885190442084
ALLERGY ,0.23202931082858463
