feature,mean_importance
SMOKING,-4.579131306163275e-05
ANXIETY,0.0061693562171543145
CHRONIC DISEASE,0.0077878156725341655
AGE,0.009981067655589915
CHEST PAIN,0.010686425756203998
SHORTNESS OF BREATH,0.015618487665960423
YELLOW_FINGERS,0.025599220993538657
FATIGUE ,0.04314015052330338
WHEEZING,0.057628717277981446
SWALLOWING DIFFICULTY,0.06016950830146626
ALCOHOL CONSUMING,0.08589230042584037
PEER_PRESSURE,0.1518998826916828
ALLERGY ,0.2563300701401846
