feature,mean_importance
SMOKING,0.0018512664384887577
SHORTNESS OF BREATH,0.0034440696211929965
AGE,0.005118999886494347
CHRONIC DISEASE,0.007632263545353896
ANXIETY,0.009409799558566778
CHEST PAIN,0.019669569370371048
YELLOW_FINGERS,0.021300174882488865
FATIGUE ,0.026834464193259033
SWALLOWING DIFFICULTY,0.034048313938854255
WHEEZING,0.07585917357298647
ALCOHOL CONSUMING,0.10813024689437038
PEER_PRESSURE,0.16525720859894974
ALLERGY ,0.2213182844040476
