feature,mean_importance
AGE,0.002188844552663771
CHRONIC DISEASE,0.009386110007265847
SMOKING,0.00979025226781587
ANXIETY,0.009889941384682032
SHORTNESS OF BREATH,0.01881287328950304
YELLOW_FINGERS,0.02532907018936742
CHEST PAIN,0.028855967556798055
SWALLOWING DIFFICULTY,0.03746818326080063
WHEEZING,0.05877310435147497
FATIGUE ,0.06070596307496769
PEER_PRESSURE,0.08083266100716961
ALCOHOL CONSUMING,0.09100057811554454
ALLERGY ,0.1809441141716038
