feature,mean_importance
CHEST PAIN,0.004287504668077658
SMOKING,0.01143322885387901
ANXIETY,0.016178351541641017
SWALLOWING DIFFICULTY,0.01627946292209076
WHEEZING,0.02195695767793184
CHRONIC DISEASE,0.03382718712207985
FATIGUE ,0.038174116193301445
YELLOW_FINGERS,0.04290025555730597
PEER_PRESSURE,0.056933692796043475
SHORTNESS OF BREATH,0.059945888880525745
AGE,0.07722776876904147
ALLERGY ,0.08462856328347464
ALCOHOL CONSUMING,0.0869712300681554
