feature,mean_importance
SWALLOWING DIFFICULTY,0.016051637642755252
WHEEZING,0.024576253160180517
ANXIETY,0.027315991175449028
SMOKING,0.034621874025079144
YELLOW_FINGERS,0.04156571734235292
CHEST PAIN,0.043182648983673015
CHRONIC DISEASE,0.04714547317675306
FATIGUE ,0.04846751660610869
PEER_PRESSURE,0.05209579794824661
SHORTNESS OF BREATH,0.100262798108853
ALLERGY ,0.1170094941117981
AGE,0.16927009147920588
ALCOHOL CONSUMING,0.22159296314961385
