feature,mean_importance
SWALLOWING DIFFICULTY,0.0043449511669344295
SMOKING,0.009396047907608512
ANXIETY,0.011947509228413894
WHEEZING,0.016053577873261914
CHEST PAIN,0.0168619859714782
SHORTNESS OF BREATH,0.037562488248133116
YELLOW_FINGERS,0.04240690664823337
CHRONIC DISEASE,0.043119400095720725
ALLERGY ,0.05089291827838527
PEER_PRESSURE,0.05467366611543865
FATIGUE ,0.07675512034605884
AGE,0.08000615934517083
ALCOHOL CONSUMING,0.1134701289396332
