feature,mean_importance
SWALLOWING DIFFICULTY,0.008045286642851115
ANXIETY,0.010805172383875988
CHRONIC DISEASE,0.011972779002564882
SMOKING,0.012220546983531233
SHORTNESS OF BREATH,0.015833601184467368
CHEST PAIN,0.01947029871175589
WHEEZING,0.02176553265744202
YELLOW_FINGERS,0.032313185868002504
FATIGUE ,0.0336634261206603
AGE,0.045328283322239295
PEER_PRESSURE,0.0460964217768269
ALLERGY ,0.07604173733384814
ALCOHOL CONSUMING,0.14276900937806677
