feature,mean_importance
SMOKING,0.011997161849446237
CHRONIC DISEASE,0.03016935494039922
SWALLOWING DIFFICULTY,0.036320450358984374
AGE,0.03772649215985306
YELLOW_FINGERS,0.04178683250298777
CHEST PAIN,0.042286765363855595
ANXIETY,0.04474962363678351
WHEEZING,0.05745881630462181
FATIGUE ,0.06304457815550626
PEER_PRESSURE,0.07961855452718858
SHORTNESS OF BREATH,0.09009217946220727
ALCOHOL CONSUMING,0.09356342892057548
ALLERGY ,0.13810166626438508
