feature,mean_importance
GENDER,0.0
SMOKING,0.00017309663341941728
ANXIETY,0.002875911191615577
CHRONIC DISEASE,0.003284110108901117
AGE,0.005041036722306436
SHORTNESS OF BREATH,0.009094951009589269
COUGHING,0.011140586602117081
CHEST PAIN,0.027171388026569727
YELLOW_FINGERS,0.03007472699100902
WHEEZING,0.03607906281696732
FATIGUE ,0.03772581897404163
SWALLOWING DIFFICULTY,0.05266130784738855
ALCOHOL CONSUMING,0.11347359171286817
PEER_PRESSURE,0.15120678402520096
ALLERGY ,0.23110124594004025
