feature,mean_importance
SMOKING,0.0
GENDER,0.004300866200321873
COUGHING,0.005464054064663426
WHEEZING,0.0057024339941361135
CHRONIC DISEASE,0.008616937959980985
YELLOW_FINGERS,0.01432272923058574
AGE,0.014364644266233772
FATIGUE ,0.028893273919529328
ANXIETY,0.029051656702903328
SWALLOWING DIFFICULTY,0.03579177990526609
CHEST PAIN,0.044529089139397106
SHORTNESS OF BREATH,0.06986646205407997
ALCOHOL CONSUMING,0.07430272767006668
PEER_PRESSURE,0.07564695952006897
ALLERGY ,0.08754592268057029
