feature,mean_importance
SMOKING,-0.008311102731985404
YELLOW_FINGERS,0.007080076268163987
ANXIETY,0.022604684377756618
CHRONIC DISEASE,0.025145863460044587
AGE,0.0335584365472638
SHORTNESS OF BREATH,0.03381288866267871
CHEST PAIN,0.04363987072176423
WHEEZING,0.05051424362677894
PEER_PRESSURE,0.06389937438163569
ALCOHOL CONSUMING,0.0676382413722318
SWALLOWING DIFFICULTY,0.08141166775756611
ALLERGY ,0.08222681612596613
FATIGUE ,0.20698169106321038
