feature,mean_importance
CHEST PAIN,0.060792246371258817
ANXIETY,0.06793760702393678
PEER_PRESSURE,0.07223970020264636
SMOKING,0.07698414286546584
AGE,0.09771340793865592
SHORTNESS OF BREATH,0.0985702309879372
WHEEZING,0.14561208336560735
SWALLOWING DIFFICULTY,0.162803689499051
ALLERGY ,0.20793188356631215
CHRONIC DISEASE,0.2330531507073251
ALCOHOL CONSUMING,0.4217230734806554
YELLOW_FINGERS,0.5488110249808559
FATIGUE ,0.7058185878402765
