feature,mean_importance
YELLOW_FINGERS,0.016683495071671228
ANXIETY,0.02449810077325435
CHRONIC DISEASE,0.03168876957765383
AGE,0.038258378485765736
ALCOHOL CONSUMING,0.04021438135183676
PEER_PRESSURE,0.04328330737970727
SMOKING,0.04887743348341496
SWALLOWING DIFFICULTY,0.05219904494941778
WHEEZING,0.062154470619636804
CHEST PAIN,0.0860630029743736
ALLERGY ,0.11941408737456313
SHORTNESS OF BREATH,0.17370065762217202
FATIGUE ,0.2875221443393766
