feature,mean_importance
CHEST PAIN,-0.02791274949620226
ANXIETY,0.022758506227319897
WHEEZING,0.050484609817212686
AGE,0.060188145930053207
ALCOHOL CONSUMING,0.08403821904408917
YELLOW_FINGERS,0.08781731071836982
SHORTNESS OF BREATH,0.14380767686440432
CHRONIC DISEASE,0.1449031296199808
SWALLOWING DIFFICULTY,0.14936802931182874
SMOKING,0.17500299288534182
PEER_PRESSURE,0.23344282607140854
ALLERGY ,0.3247346967096645
FATIGUE ,0.48393410013167
