feature,mean_importance
ANXIETY,-0.030673386742756527
YELLOW_FINGERS,-0.026181720789794704
WHEEZING,-0.008877074446812456
CHEST PAIN,-0.008272315123292273
SWALLOWING DIFFICULTY,0.00041920195985641897
ALCOHOL CONSUMING,0.0038556657294864572
SMOKING,0.004159997092282192
AGE,0.00808992780874856
CHRONIC DISEASE,0.036126522864190797
PEER_PRESSURE,0.06766995075533448
SHORTNESS OF BREATH,0.08525365662020143
ALLERGY ,0.12486003121151919
FATIGUE ,0.23208845730747335
