feature,mean_importance
GENDER,0.0
AGE,0.0007030097327258178
SMOKING,0.0031120607811572277
SHORTNESS OF BREATH,0.0054629346922654195
CHRONIC DISEASE,0.008349539257372585
YELLOW_FINGERS,0.010758649459715075
ANXIETY,0.01391409406778792
SWALLOWING DIFFICULTY,0.0231342370498596
CHEST PAIN,0.02821075370895343
COUGHING,0.031979990616492066
ALCOHOL CONSUMING,0.03402233260785921
FATIGUE ,0.053277409953154754
PEER_PRESSURE,0.10950903444790039
WHEEZING,0.17985963758074872
ALLERGY ,0.27130665126886927
