feature,mean_importance
GENDER,0.0
SMOKING,0.0
SHORTNESS OF BREATH,0.0
CHRONIC DISEASE,0.00233693845332944
AGE,0.0025542589638688495
FATIGUE ,0.0038994042664901364
ANXIETY,0.00747683715242563
SWALLOWING DIFFICULTY,0.011055640670077405
CHEST PAIN,0.017344158062110725
YELLOW_FINGERS,0.017547213824326936
PEER_PRESSURE,0.027345748976992833
COUGHING,0.029472456923542455
ALCOHOL CONSUMING,0.034872398324767184
WHEEZING,0.03612198778354182
ALLERGY ,0.11227540752127403
