feature,mean_importance
GENDER,0.0
SMOKING,0.0
FATIGUE ,0.0
SHORTNESS OF BREATH,0.0
SWALLOWING DIFFICULTY,0.0
AGE,0.0001941919821022431
CHRONIC DISEASE,0.0037749835361809425
CHEST PAIN,0.007281153716633959
ANXIETY,0.008451051831542489
PEER_PRESSURE,0.011977127124868226
YELLOW_FINGERS,0.012497267786038702
COUGHING,0.019460153678555647
ALCOHOL CONSUMING,0.03066598277688648
WHEEZING,0.035306317973866755
ALLERGY ,0.07023947968269223
