feature,mean_importance
SMOKING,-0.001590764157522928
GENDER,0.0
PEER_PRESSURE,0.0
CHRONIC DISEASE,0.0
SHORTNESS OF BREATH,0.0
SWALLOWING DIFFICULTY,0.0
AGE,0.0006861232047082999
ANXIETY,0.004899134386527925
CHEST PAIN,0.011669388844456707
YELLOW_FINGERS,0.024317862143218582
FATIGUE ,0.029165805174679704
ALCOHOL CONSUMING,0.042673596458519925
WHEEZING,0.04718085386735249
COUGHING,0.048775316268281445
ALLERGY ,0.09379388526679697
