feature,mean_importance
GENDER,-0.0009427236334962674
PEER_PRESSURE,0.0
FATIGUE ,0.0
SHORTNESS OF BREATH,0.0
SWALLOWING DIFFICULTY,0.0
AGE,0.0015121992347729262
SMOKING,0.001784321252355947
CHRONIC DISEASE,0.009041157583698178
CHEST PAIN,0.01686586514913694
ALCOHOL CONSUMING,0.019481435957507908
WHEEZING,0.029771219541457485
YELLOW_FINGERS,0.03305273428476833
ANXIETY,0.03376335057935771
ALLERGY ,0.052348900932654575
COUGHING,0.07081785035285434
