feature,mean_importance
SHORTNESS OF BREATH,0.0
SWALLOWING DIFFICULTY,0.0
SMOKING,0.00039794747013928157
AGE,0.0018913074394949936
GENDER,0.003630098794156389
CHRONIC DISEASE,0.004705216445759242
ANXIETY,0.014314441775116237
WHEEZING,0.02096256560358929
PEER_PRESSURE,0.025457761554263148
COUGHING,0.031066703040747844
CHEST PAIN,0.036621472606272666
ALCOHOL CONSUMING,0.04218583667952357
FATIGUE ,0.06203293902239006
ALLERGY ,0.06520241499761868
YELLOW_FINGERS,0.08518435003187055
