feature,mean_importance
SWALLOWING DIFFICULTY,0.0
AGE,0.00099306502135742
SMOKING,0.0015926441716182238
ANXIETY,0.0051271948534288405
CHRONIC DISEASE,0.017906187301056843
ALCOHOL CONSUMING,0.01887277739490321
GENDER,0.020090245918937218
YELLOW_FINGERS,0.023575925853454506
SHORTNESS OF BREATH,0.032877869611313434
CHEST PAIN,0.057616549389576034
COUGHING,0.05865662483271476
FATIGUE ,0.06581663319278638
PEER_PRESSURE,0.12829727832145524
ALLERGY ,0.2986269337973919
WHEEZING,0.706124953275575
