feature,mean_importance
GENDER,0.0
COUGHING,0.0
CHEST PAIN,0.0
ANXIETY,0.0005229129651663222
SMOKING,0.0006822685799060202
SHORTNESS OF BREATH,0.0010300098201363795
CHRONIC DISEASE,0.0019365270306833438
FATIGUE ,0.003562098955579984
AGE,0.003772945727564825
YELLOW_FINGERS,0.007418541336834106
WHEEZING,0.011413809601365555
SWALLOWING DIFFICULTY,0.016011274497673512
ALCOHOL CONSUMING,0.03666483290359172
PEER_PRESSURE,0.06289733278339743
ALLERGY ,0.12330433845580409
