feature,mean_importance
GENDER,0.0
ANXIETY,0.0
SHORTNESS OF BREATH,0.0
CHRONIC DISEASE,0.0013569788119010052
SMOKING,0.003622834944617531
FATIGUE ,0.005397870459781756
YELLOW_FINGERS,0.008684671239288538
COUGHING,0.013841836446855077
CHEST PAIN,0.01468173759086508
AGE,0.026071543748073307
WHEEZING,0.060177846592209885
SWALLOWING DIFFICULTY,0.06228662698368555
ALCOHOL CONSUMING,0.10073781786042901
PEER_PRESSURE,0.11436646090518403
ALLERGY ,0.30108085332075085
