feature,mean_importance
GENDER,-0.01058831157843777
AGE,-0.00047080262577934293
SHORTNESS OF BREATH,0.0
ANXIETY,0.0012931648314355227
SMOKING,0.001449423913643083
COUGHING,0.00882878604327324
YELLOW_FINGERS,0.00990721821120174
CHEST PAIN,0.013335571231027321
FATIGUE ,0.01522673310441483
ALCOHOL CONSUMING,0.015602979767026548
SWALLOWING DIFFICULTY,0.03082419434080874
WHEEZING,0.10045234170999362
PEER_PRESSURE,0.1256098461946638
CHRONIC DISEASE,0.2926466053079214
ALLERGY ,0.4144512936932533
