feature,mean_importance
SMOKING,-0.005516320921304049
CHEST PAIN,0.0032298663610522958
ANXIETY,0.004406961323783794
WHEEZING,0.015016394498468855
SHORTNESS OF BREATH,0.0230953686113538
SWALLOWING DIFFICULTY,0.0461389847547072
AGE,0.06329253996771246
ALCOHOL CONSUMING,0.07158340037389872
CHRONIC DISEASE,0.07177123838414766
PEER_PRESSURE,0.07555571319123178
FATIGUE ,0.08447006735726485
YELLOW_FINGERS,0.09314499015854602
ALLERGY ,0.10511221150688506
