feature,mean_importance
SMOKING,-0.008883049757946876
YELLOW_FINGERS,-0.0010259998933086461
CHEST PAIN,0.005150689207682102
ANXIETY,0.009368419118515265
SWALLOWING DIFFICULTY,0.021088200305766046
SHORTNESS OF BREATH,0.023977200346011796
ALCOHOL CONSUMING,0.03216425913342841
CHRONIC DISEASE,0.04018809949193926
WHEEZING,0.0454326720178224
AGE,0.0653210055882805
FATIGUE ,0.0736630631504008
PEER_PRESSURE,0.08136821650269903
ALLERGY ,0.1816394936455295
