feature,mean_importance
SWALLOWING DIFFICULTY,0.0
AGE,0.0009930650213574254
SMOKING,0.0015926441716182294
ANXIETY,0.005127194853428834
CHRONIC DISEASE,0.017906187301056836
ALCOHOL CONSUMING,0.018872777394903218
GENDER,0.020090245918937183
YELLOW_FINGERS,0.02357592585345448
SHORTNESS OF BREATH,0.03287786961131345
CHEST PAIN,0.057616549389576034
COUGHING,0.05865662483271476
FATIGUE ,0.06581663319278641
PEER_PRESSURE,0.12829727832145524
ALLERGY ,0.2986269337973919
WHEEZING,0.7061249532755749
