feature,mean_importance
GENDER,0.0
COUGHING,0.0
CHEST PAIN,0.0
ANXIETY,0.0007886478710363298
SHORTNESS OF BREATH,0.001332699395119319
SMOKING,0.0016325580469734758
CHRONIC DISEASE,0.004857890026720569
AGE,0.005786373266038458
FATIGUE ,0.008384329023570692
YELLOW_FINGERS,0.011197224809976569
SWALLOWING DIFFICULTY,0.01557845618538375
WHEEZING,0.01737353607112576
ALCOHOL CONSUMING,0.043455626981451015
PEER_PRESSURE,0.08655077118969526
ALLERGY ,0.10072434748035779
