feature,mean_importance
GENDER,0.0
SMOKING,0.00025954026386422745
ANXIETY,0.0015369741063461062
CHRONIC DISEASE,0.002884323741062622
AGE,0.005335044909485276
SHORTNESS OF BREATH,0.007937782342628309
COUGHING,0.014174729027569322
YELLOW_FINGERS,0.02783138239997814
CHEST PAIN,0.02878923495887557
WHEEZING,0.03249737782230801
FATIGUE ,0.037907722519293384
SWALLOWING DIFFICULTY,0.06390519797815084
ALCOHOL CONSUMING,0.10271549606781308
PEER_PRESSURE,0.14332173672478915
ALLERGY ,0.23524906041332522
