feature,mean_importance
SMOKING,-0.005516320950940108
CHEST PAIN,0.003229865786923719
ANXIETY,0.004406961224364297
WHEEZING,0.015016394479783004
SHORTNESS OF BREATH,0.023095357334295054
SWALLOWING DIFFICULTY,0.04613898554748746
AGE,0.06329255112837433
ALCOHOL CONSUMING,0.07158340256507145
CHRONIC DISEASE,0.07177124008405482
PEER_PRESSURE,0.07555571113424822
FATIGUE ,0.0844700681612564
YELLOW_FINGERS,0.09314498790020873
ALLERGY ,0.10511220837372919
