feature,mean_importance
SHORTNESS OF BREATH,-0.016387961595198754
WHEEZING,-0.0078020420918606505
ANXIETY,0.008330879058764895
CHRONIC DISEASE,0.009072456070685705
SMOKING,0.014015618326227264
SWALLOWING DIFFICULTY,0.017689703449784523
CHEST PAIN,0.024607512927275265
PEER_PRESSURE,0.03905140495003562
YELLOW_FINGERS,0.05123218200548674
FATIGUE ,0.05615411652095972
AGE,0.06248842448644374
ALLERGY ,0.1457792769915567
ALCOHOL CONSUMING,0.18929867023576546
