feature,mean_importance
SMOKING,0.0
GENDER,0.014269359691088362
YELLOW_FINGERS,0.018189152462219783
CHRONIC DISEASE,0.0202669905785428
COUGHING,0.022121205363957775
ANXIETY,0.024732953981868068
FATIGUE ,0.031892855270227234
WHEEZING,0.03936138397788533
AGE,0.05018809742188655
SWALLOWING DIFFICULTY,0.05777705055817441
SHORTNESS OF BREATH,0.0849140333641831
ALCOHOL CONSUMING,0.1039706476188083
CHEST PAIN,0.1116519430479161
ALLERGY ,0.15191350181819252
PEER_PRESSURE,0.19193764430658683
