target,prediction
1,1.0
1,1.0
1,1.0
1,0.6271186440677966
1,0.7428571428571429
1,1.0
1,0.7428571428571429
1,1.0
1,1.0
1,1.0
1,1.0
1,0.6271186440677966
1,1.0
1,1.0
1,1.0
1,0.6271186440677966
1,0.7428571428571429
0,0.0
1,0.0
1,0.7142857142857143
1,1.0
0,0.0
1,0.6271186440677966
1,1.0
1,0.6271186440677966
0,0.0
0,0.6271186440677966
0,0.0
0,0.0
0,0.0
0,0.0
0,0.0
0,0.6271186440677966
0,0.7142857142857143
0,0.0
0,0.0
0,0.7142857142857143
0,0.0
0,0.0
0,0.0
0,0.0
0,0.0
0,0.0
0,0.0
0,0.0
0,0.0
