feature,mean_importance
ANXIETY,2.737374676672899e-05
SHORTNESS OF BREATH,0.0002720280448397394
SMOKING,0.0012666270395676916
CHEST PAIN,0.012401104450960909
CHRONIC DISEASE,0.019547513959065444
AGE,0.023658066540035067
SWALLOWING DIFFICULTY,0.0492773517191321
YELLOW_FINGERS,0.055375671098447585
PEER_PRESSURE,0.07143644304381877
WHEEZING,0.07383021860713826
FATIGUE ,0.07461720057465818
ALCOHOL CONSUMING,0.10531636727193357
ALLERGY ,0.1526551600987685
