feature,mean_importance
ANXIETY,0.0002946451076091039
SMOKING,0.007011773085452361
CHEST PAIN,0.009104984345700756
AGE,0.011609619430002832
SHORTNESS OF BREATH,0.013138362210787246
WHEEZING,0.025618648166508867
YELLOW_FINGERS,0.030766795842893897
CHRONIC DISEASE,0.05199579321512819
SWALLOWING DIFFICULTY,0.05624366444419756
PEER_PRESSURE,0.06165655852557557
ALCOHOL CONSUMING,0.1078600273545742
FATIGUE ,0.17176957776315868
ALLERGY ,0.1822072338111568
