feature,mean_importance
SMOKING,-0.004250914300815339
ANXIETY,-0.0011637635266289414
CHEST PAIN,0.0001610308780451708
YELLOW_FINGERS,0.005478731069657916
SHORTNESS OF BREATH,0.008974240057338984
CHRONIC DISEASE,0.017407387810214985
AGE,0.02567232523620438
ALCOHOL CONSUMING,0.04186436695545147
SWALLOWING DIFFICULTY,0.05113418522063183
WHEEZING,0.0635519243712461
FATIGUE ,0.08635814402231681
PEER_PRESSURE,0.11675733237182406
ALLERGY ,0.22658745715155967
