feature,mean_importance
ANXIETY,0.0017207762122513405
SMOKING,0.002809596834280448
CHEST PAIN,0.0039276833990627815
SHORTNESS OF BREATH,0.003997321753934316
AGE,0.01540168418689657
CHRONIC DISEASE,0.05676451235423994
ALCOHOL CONSUMING,0.0718166672127829
YELLOW_FINGERS,0.07571361114796815
SWALLOWING DIFFICULTY,0.08043900006777222
WHEEZING,0.09068514430709942
PEER_PRESSURE,0.10590028824576987
FATIGUE ,0.11397865016450645
ALLERGY ,0.16012356504144104
