feature,mean_importance
CHEST PAIN,-0.0010386828816677407
ANXIETY,0.0017589658056552438
SMOKING,0.003065380206037682
SHORTNESS OF BREATH,0.009419220004297613
AGE,0.052657339097673964
ALCOHOL CONSUMING,0.06301609157235857
CHRONIC DISEASE,0.06446841493647092
WHEEZING,0.0749282626065849
SWALLOWING DIFFICULTY,0.09443873076744372
YELLOW_FINGERS,0.0950586783701913
PEER_PRESSURE,0.10991639342583637
FATIGUE ,0.1773035718576959
ALLERGY ,0.17921306613444027
