feature,mean_importance
ANXIETY,-0.002289162086643029
CHEST PAIN,0.011186673202860903
SMOKING,0.03003169377793678
AGE,0.03472391862735991
WHEEZING,0.037064746722208435
SWALLOWING DIFFICULTY,0.05096467429484068
ALCOHOL CONSUMING,0.051493204328368535
YELLOW_FINGERS,0.05155040320567726
CHRONIC DISEASE,0.11449103920237662
PEER_PRESSURE,0.16534543910489805
SHORTNESS OF BREATH,0.17935949489033276
ALLERGY ,0.2935083613721209
FATIGUE ,0.6257127013762633
