feature,mean_importance
AGE,0.06111551489942877
SMOKING,0.06676245378293877
CHEST PAIN,0.06846250313307847
ANXIETY,0.07995426205860942
WHEEZING,0.09191251821611299
CHRONIC DISEASE,0.10858375459384326
PEER_PRESSURE,0.19182083033932687
ALCOHOL CONSUMING,0.19868368756930135
YELLOW_FINGERS,0.2118525422306657
SWALLOWING DIFFICULTY,0.21362846139564162
ALLERGY ,0.35989756559147146
SHORTNESS OF BREATH,0.4192377974435095
FATIGUE ,0.8822889123841433
