feature,mean_importance
ANXIETY,0.0053629996366550805
CHRONIC DISEASE,0.006903052803002452
AGE,0.011699064049501124
SMOKING,0.014243058892846171
SHORTNESS OF BREATH,0.02140148012310179
WHEEZING,0.03193838166690589
SWALLOWING DIFFICULTY,0.04758638601306846
YELLOW_FINGERS,0.052826760129896885
CHEST PAIN,0.06487004319268945
PEER_PRESSURE,0.07772011919474356
ALCOHOL CONSUMING,0.0780004061311006
FATIGUE ,0.11264184362611088
ALLERGY ,0.1253091247850206
