feature,mean_importance
CHRONIC DISEASE,0.005152360770704511
ANXIETY,0.009159961372005643
SMOKING,0.01758589492461755
AGE,0.023259250554057954
CHEST PAIN,0.0375224855907168
YELLOW_FINGERS,0.0388993419832359
SHORTNESS OF BREATH,0.045251062202746925
WHEEZING,0.05214293091019364
ALCOHOL CONSUMING,0.07599368050055663
FATIGUE ,0.07936985739477995
ALLERGY ,0.1044589248971078
SWALLOWING DIFFICULTY,0.11077108714842783
PEER_PRESSURE,0.1148376094913917
