feature,mean_importance
AGE,0.026389001664555323
CHEST PAIN,0.029732514728496674
ANXIETY,0.03229376425313352
SMOKING,0.03797213185252649
WHEEZING,0.057799864473195975
CHRONIC DISEASE,0.07355918131784982
ALCOHOL CONSUMING,0.09295963758626194
SHORTNESS OF BREATH,0.1279202698605486
SWALLOWING DIFFICULTY,0.13905830945867845
YELLOW_FINGERS,0.1593955741587952
ALLERGY ,0.18812213590114296
PEER_PRESSURE,0.20050137412138969
FATIGUE ,0.24825518122811524
