feature,mean_importance
SMOKING,0.0
SHORTNESS OF BREATH,0.0064991943340424905
GENDER,0.006715581385918701
AGE,0.008813344304826753
CHRONIC DISEASE,0.016568199671522555
ANXIETY,0.0178542605879178
COUGHING,0.01998763511486153
CHEST PAIN,0.03460967108966692
YELLOW_FINGERS,0.04233228249330685
SWALLOWING DIFFICULTY,0.06361540338887917
ALLERGY ,0.0869939627115083
FATIGUE ,0.0941735660556132
ALCOHOL CONSUMING,0.10781259741579559
WHEEZING,0.1750270992425949
PEER_PRESSURE,0.18010802837456458
