feature,mean_importance
SHORTNESS OF BREATH,-0.001315588266455614
SMOKING,0.0
GENDER,0.011175307458399291
ANXIETY,0.011266231050532316
ALCOHOL CONSUMING,0.012381947701995721
CHRONIC DISEASE,0.013898400418818225
AGE,0.01676497067781732
COUGHING,0.029044383757796582
CHEST PAIN,0.04395437460207397
FATIGUE ,0.04455381260637645
YELLOW_FINGERS,0.046996268686705145
WHEEZING,0.09242807660521739
SWALLOWING DIFFICULTY,0.104740067515583
PEER_PRESSURE,0.11872100449295817
ALLERGY ,0.36626173510570637
