feature,mean_importance
AGE,0.0
SMOKING,0.0
COUGHING,0.0
SWALLOWING DIFFICULTY,0.0
GENDER,0.019648013590725134
ANXIETY,0.026846426402073152
ALLERGY ,0.03759896788021235
SHORTNESS OF BREATH,0.041719042520397785
YELLOW_FINGERS,0.05351516548216765
PEER_PRESSURE,0.06044176418982291
ALCOHOL CONSUMING,0.08661500421301685
CHEST PAIN,0.14576206633903693
CHRONIC DISEASE,0.6266766762521192
FATIGUE ,1.2928497224126612
WHEEZING,1.4547205793454563
