feature,mean_importance
COUGHING,0.0
SHORTNESS OF BREATH,0.0029087276732521817
CHEST PAIN,0.005334591511200598
GENDER,0.007560018012195924
SMOKING,0.014291156483782458
ANXIETY,0.015033103522238911
CHRONIC DISEASE,0.016934184401611884
AGE,0.04743653382093331
FATIGUE ,0.04779181291834271
SWALLOWING DIFFICULTY,0.06684232870963151
WHEEZING,0.08785890586918733
YELLOW_FINGERS,0.0992174450624749
ALCOHOL CONSUMING,0.10093660959957873
PEER_PRESSURE,0.2069837417731381
ALLERGY ,0.3480117230498833
