feature,mean_importance
AGE,-0.00387164782861702
GENDER,0.0
ANXIETY,0.0
COUGHING,0.0
CHRONIC DISEASE,0.009712567945903828
SMOKING,0.0143963469382709
SWALLOWING DIFFICULTY,0.016203842908171638
CHEST PAIN,0.01702641290122179
SHORTNESS OF BREATH,0.020771970984857224
YELLOW_FINGERS,0.024174553046345616
FATIGUE ,0.03650720907735043
WHEEZING,0.039102402347306185
ALCOHOL CONSUMING,0.09960687966489272
PEER_PRESSURE,0.12085465594598184
ALLERGY ,0.6626597687494026
