feature,mean_importance
SMOKING,0.002021813021775699
CHEST PAIN,0.002437712540349804
SWALLOWING DIFFICULTY,0.012754004259297439
ANXIETY,0.018160366481481897
CHRONIC DISEASE,0.027365948513146943
YELLOW_FINGERS,0.029520569631911475
FATIGUE ,0.03482925175601274
WHEEZING,0.036189488887222544
ALCOHOL CONSUMING,0.07092826811724588
PEER_PRESSURE,0.07402584343822372
ALLERGY ,0.0776878383717902
SHORTNESS OF BREATH,0.08585678890403073
AGE,0.0869975705456476
