feature,mean_importance
SHORTNESS OF BREATH,-0.002216809435805478
ANXIETY,0.005195290016820561
CHRONIC DISEASE,0.0074585113682122785
SMOKING,0.008710642799230978
WHEEZING,0.012779105395007706
SWALLOWING DIFFICULTY,0.012947249380922296
CHEST PAIN,0.027025299615147658
YELLOW_FINGERS,0.0333992988413215
AGE,0.03650665220535423
FATIGUE ,0.040885610443282205
ALLERGY ,0.046386785581106746
PEER_PRESSURE,0.06168730417907962
ALCOHOL CONSUMING,0.12743708758542913
