feature,mean_importance
WHEEZING,0.006423176998580618
SWALLOWING DIFFICULTY,0.010435902697160822
ANXIETY,0.024650688251512044
CHEST PAIN,0.02652382486082914
SMOKING,0.03252533477564974
PEER_PRESSURE,0.03378676850550837
YELLOW_FINGERS,0.04022979123389816
CHRONIC DISEASE,0.054021822935508466
FATIGUE ,0.07786138731175148
SHORTNESS OF BREATH,0.08375587685995883
ALLERGY ,0.11083515823187857
AGE,0.181959909763617
ALCOHOL CONSUMING,0.28365560606653706
