feature,mean_importance
SMOKING,0.007682458332661751
ANXIETY,0.01963818134353284
CHEST PAIN,0.02657200281983695
YELLOW_FINGERS,0.034459045615325465
CHRONIC DISEASE,0.04115340553744829
WHEEZING,0.053906878612640916
AGE,0.061110035453836406
FATIGUE ,0.0814992923285924
SHORTNESS OF BREATH,0.08729431101847926
PEER_PRESSURE,0.09435761234627174
ALCOHOL CONSUMING,0.10931627769684535
SWALLOWING DIFFICULTY,0.12707978089260422
ALLERGY ,0.14058833408991234
