feature,mean_importance
SMOKING,0.008344073104973204
CHEST PAIN,0.01540899938556432
ANXIETY,0.01609398227676683
WHEEZING,0.024675342826757547
SWALLOWING DIFFICULTY,0.02860683855494812
YELLOW_FINGERS,0.03253760293529782
CHRONIC DISEASE,0.03380351630152131
FATIGUE ,0.058324159988731236
ALLERGY ,0.06424261773259284
SHORTNESS OF BREATH,0.06620737141310189
ALCOHOL CONSUMING,0.06917585534317335
AGE,0.07045021287955296
PEER_PRESSURE,0.07225265529940701
