feature,mean_importance
SHORTNESS OF BREATH,0.002234208024538692
CHEST PAIN,0.0030910768271445233
CHRONIC DISEASE,0.023812527319032863
ANXIETY,0.03318977456733262
AGE,0.039782799329596774
SMOKING,0.04293436613834896
ALCOHOL CONSUMING,0.062023382350933506
YELLOW_FINGERS,0.06515571997678005
SWALLOWING DIFFICULTY,0.07003926332659384
WHEEZING,0.10376561862314806
ALLERGY ,0.14098563913297374
PEER_PRESSURE,0.20284136644757908
FATIGUE ,0.24602417198430623
