feature,mean_importance
CHEST PAIN,-0.004646805055306824
SHORTNESS OF BREATH,-0.00048007029677085423
AGE,0.00204490502643756
ANXIETY,0.016603748351006732
CHRONIC DISEASE,0.036306494195642865
SMOKING,0.042646124307323556
YELLOW_FINGERS,0.0578244415876127
WHEEZING,0.10024807839526706
SWALLOWING DIFFICULTY,0.10324551536509648
PEER_PRESSURE,0.1068085899280486
ALCOHOL CONSUMING,0.12795795031926765
ALLERGY ,0.14208557831702978
FATIGUE ,0.19348971963185072
