feature,mean_importance
ANXIETY,-0.02607019832303146
CHEST PAIN,-0.014100481187086284
AGE,0.012331065540406217
YELLOW_FINGERS,0.018698242661793547
SMOKING,0.02647280794757987
ALCOHOL CONSUMING,0.049376677182669644
SHORTNESS OF BREATH,0.059847962375382216
WHEEZING,0.13095112362335243
CHRONIC DISEASE,0.15145313690840562
SWALLOWING DIFFICULTY,0.16551484094929425
PEER_PRESSURE,0.2641396298370495
ALLERGY ,0.5549809177940018
FATIGUE ,0.6312891743564089
