feature,mean_importance
AGE,-0.011927751221818716
CHEST PAIN,0.002161349014997338
SMOKING,0.016505638175455434
ANXIETY,0.027532335019685335
YELLOW_FINGERS,0.028378312691660773
SWALLOWING DIFFICULTY,0.03364443684651322
ALCOHOL CONSUMING,0.050904779691359425
CHRONIC DISEASE,0.053038282460866094
SHORTNESS OF BREATH,0.05695106232045359
PEER_PRESSURE,0.0912730146616155
WHEEZING,0.10318097686911598
ALLERGY ,0.10464322764976734
FATIGUE ,0.24782178459245205
