feature,mean_importance
AGE,-0.0016918101928729862
CHEST PAIN,0.0014302334304536145
SMOKING,0.014745406036273525
SHORTNESS OF BREATH,0.018886530471529002
ANXIETY,0.019151087012532014
ALCOHOL CONSUMING,0.032878497270302544
CHRONIC DISEASE,0.03930450136597604
SWALLOWING DIFFICULTY,0.05271774690910356
YELLOW_FINGERS,0.05620257154660263
WHEEZING,0.058538271804309684
ALLERGY ,0.08933515397773378
PEER_PRESSURE,0.1094452015324165
FATIGUE ,0.12282629085858414
