feature,mean_importance
WHEEZING,0.003034401518841398
ANXIETY,0.015499034793036177
SWALLOWING DIFFICULTY,0.015813435115215848
PEER_PRESSURE,0.020537428887658436
SMOKING,0.030614783000291253
SHORTNESS OF BREATH,0.045598680234327435
YELLOW_FINGERS,0.055368043343630456
CHRONIC DISEASE,0.06146853845023259
CHEST PAIN,0.06699428435486456
ALCOHOL CONSUMING,0.12290464200086353
FATIGUE ,0.12562652315119416
AGE,0.15578614255590179
ALLERGY ,0.16192236010148298
