feature,mean_importance
ANXIETY,0.021082501651091858
SMOKING,0.023490942518917913
AGE,0.02714181448732215
CHRONIC DISEASE,0.027776969145458456
SHORTNESS OF BREATH,0.041417091144027945
FATIGUE ,0.04253938400180386
CHEST PAIN,0.04378570818961993
WHEEZING,0.05036821798029369
YELLOW_FINGERS,0.06373420363126554
ALCOHOL CONSUMING,0.07873749957532379
SWALLOWING DIFFICULTY,0.08052522179523021
PEER_PRESSURE,0.08967842049716959
ALLERGY ,0.21727053643292696
