feature,mean_importance
SHORTNESS OF BREATH,-0.016387979843800672
WHEEZING,-0.007802021052015673
ANXIETY,0.008330835910605239
CHRONIC DISEASE,0.009072342629818311
SMOKING,0.014015647690125338
SWALLOWING DIFFICULTY,0.017689719906173684
CHEST PAIN,0.02460737134006375
PEER_PRESSURE,0.039051498130536585
YELLOW_FINGERS,0.051232097695208666
FATIGUE ,0.056153995692837785
AGE,0.0624918503890499
ALLERGY ,0.1457764707163715
ALCOHOL CONSUMING,0.18929961369056408
