feature,mean_importance
CHEST PAIN,0.0
CHRONIC DISEASE,0.011075664795352592
SMOKING,0.019098164652154703
COUGHING,0.021236548549528035
AGE,0.02743694389181741
SWALLOWING DIFFICULTY,0.028213022196559155
YELLOW_FINGERS,0.03980212264712466
ANXIETY,0.0460088891875155
FATIGUE ,0.05010904919865981
WHEEZING,0.05603027930799046
ALCOHOL CONSUMING,0.06321317682726825
SHORTNESS OF BREATH,0.06405576003261218
GENDER,0.06454213530552329
PEER_PRESSURE,0.0740520045189318
ALLERGY ,0.12805586948269618
