feature,mean_importance
SMOKING,0.0
CHRONIC DISEASE,0.0
FATIGUE ,0.0
ANXIETY,0.009025576191792117
YELLOW_FINGERS,0.014936868273026715
COUGHING,0.015457577726341732
CHEST PAIN,0.017661394394235697
WHEEZING,0.02294956236511191
AGE,0.023372993355940775
GENDER,0.051358553152940786
SWALLOWING DIFFICULTY,0.058829836495164614
SHORTNESS OF BREATH,0.07038887781732232
ALCOHOL CONSUMING,0.08916856156697098
PEER_PRESSURE,0.09503627552010709
ALLERGY ,0.11174426490913958
