feature,mean_importance
ANXIETY,0.005718439589601988
SMOKING,0.005764525541051972
CHEST PAIN,0.007626158106836112
SHORTNESS OF BREATH,0.013370951159744255
WHEEZING,0.018741858576760206
PEER_PRESSURE,0.050407250193577516
AGE,0.054756168917518264
SWALLOWING DIFFICULTY,0.05724035234639665
CHRONIC DISEASE,0.07003313232769301
YELLOW_FINGERS,0.07616529433086702
ALCOHOL CONSUMING,0.08198920695438697
FATIGUE ,0.10714297968748579
ALLERGY ,0.2068390062104178
