feature,mean_importance
ANXIETY,0.005209469325169691
SHORTNESS OF BREATH,0.010737958087585792
PEER_PRESSURE,0.011412583200900255
SMOKING,0.01773265061379295
SWALLOWING DIFFICULTY,0.021607705702880488
YELLOW_FINGERS,0.045953555471417426
WHEEZING,0.04606776498231554
CHEST PAIN,0.064537778078348
CHRONIC DISEASE,0.08938752395144757
ALCOHOL CONSUMING,0.10119652685210805
AGE,0.15347889994934222
FATIGUE ,0.1703452539227827
ALLERGY ,0.21644987216588968
