feature,mean_importance
SMOKING,0.004305287102662249
CHEST PAIN,0.008247835570862904
ANXIETY,0.01162606921121303
WHEEZING,0.021590380521023682
SWALLOWING DIFFICULTY,0.02202509449207831
YELLOW_FINGERS,0.035412680553591334
CHRONIC DISEASE,0.038430762873691106
SHORTNESS OF BREATH,0.048998960478380295
FATIGUE ,0.04921121804498583
PEER_PRESSURE,0.06347628738028877
AGE,0.07093090403363554
ALLERGY ,0.08825746109002831
ALCOHOL CONSUMING,0.0904610018271307
