feature,mean_importance
SMOKING,0.006347870471340777
CHEST PAIN,0.016269059519361233
ANXIETY,0.018900234758957156
SWALLOWING DIFFICULTY,0.01942312046936804
YELLOW_FINGERS,0.02471172376303805
WHEEZING,0.024800324954689562
CHRONIC DISEASE,0.03673911242148642
FATIGUE ,0.05248151607182898
ALLERGY ,0.05522974905757354
PEER_PRESSURE,0.055483098855498035
AGE,0.05808332041596418
SHORTNESS OF BREATH,0.05815178550573054
ALCOHOL CONSUMING,0.09470266203925397
