feature,mean_importance
CHRONIC DISEASE,0.007554428362418172
WHEEZING,0.011399254622945245
SWALLOWING DIFFICULTY,0.012022341088000151
SMOKING,0.012187462538042138
ANXIETY,0.013051051042025433
SHORTNESS OF BREATH,0.02106909924876183
YELLOW_FINGERS,0.023411614439325257
FATIGUE ,0.027992657934874064
CHEST PAIN,0.03393605014861695
AGE,0.037525400338250504
PEER_PRESSURE,0.04978939539310255
ALLERGY ,0.06358689302138557
ALCOHOL CONSUMING,0.16765747587628535
