feature,mean_importance
SWALLOWING DIFFICULTY,0.012051903307931341
WHEEZING,0.013751046659239477
ANXIETY,0.024168631352296115
CHEST PAIN,0.03562080042911799
SMOKING,0.037733604873555135
YELLOW_FINGERS,0.03908708041760388
FATIGUE ,0.04926604492565535
CHRONIC DISEASE,0.04995780193987466
PEER_PRESSURE,0.05977114605102253
ALLERGY ,0.09101344892820583
SHORTNESS OF BREATH,0.11006311291876339
AGE,0.18250574323626306
ALCOHOL CONSUMING,0.26213724257853493
