feature,mean_importance
SMOKING,0.011924112004464254
CHRONIC DISEASE,0.028181558866122315
ANXIETY,0.03069891698922439
YELLOW_FINGERS,0.039893247875858566
WHEEZING,0.04435755030825213
CHEST PAIN,0.04487223475101599
FATIGUE ,0.045964757598193615
AGE,0.048943757037873785
SWALLOWING DIFFICULTY,0.05332539273762886
ALLERGY ,0.09885746619121812
SHORTNESS OF BREATH,0.10792692039901533
PEER_PRESSURE,0.1241090885387319
ALCOHOL CONSUMING,0.12921277065767708
