feature,mean_importance
GENDER,0.0
SMOKING,0.0
WHEEZING,0.0
CHRONIC DISEASE,0.005209452071322662
SWALLOWING DIFFICULTY,0.012155077584646522
AGE,0.023300705859804628
COUGHING,0.03154771701101183
ANXIETY,0.03274738318526619
FATIGUE ,0.03406028967183746
YELLOW_FINGERS,0.06452223758767181
SHORTNESS OF BREATH,0.06473107702223398
ALCOHOL CONSUMING,0.07954859354964923
ALLERGY ,0.08600084669362594
PEER_PRESSURE,0.11107684380693014
CHEST PAIN,0.12424394765904759
