feature,mean_importance
SWALLOWING DIFFICULTY,0.012258704883091836
WHEEZING,0.026613713458375272
SMOKING,0.03083910676931605
YELLOW_FINGERS,0.033684571810090734
ANXIETY,0.0357179158931298
CHEST PAIN,0.0413272411507953
PEER_PRESSURE,0.052772897912946405
CHRONIC DISEASE,0.06594109149726501
FATIGUE ,0.07969967840330916
ALLERGY ,0.09794498901995605
SHORTNESS OF BREATH,0.11249680488086336
AGE,0.17045024365367714
ALCOHOL CONSUMING,0.235171194581004
