feature,mean_importance
ANXIETY,0.004098585729156434
SMOKING,0.004440050776323023
YELLOW_FINGERS,0.009945155444266135
SWALLOWING DIFFICULTY,0.01806663597742964
CHRONIC DISEASE,0.021938483583032582
WHEEZING,0.022221742336543244
CHEST PAIN,0.03355349993592069
AGE,0.034433530766047486
SHORTNESS OF BREATH,0.03872622558992844
FATIGUE ,0.05714470410640613
PEER_PRESSURE,0.057917686309965154
ALLERGY ,0.06369270135547168
ALCOHOL CONSUMING,0.10676243862785154
