feature,mean_importance
SMOKING,0.015185137533594212
CHRONIC DISEASE,0.01909948515101976
ANXIETY,0.025817493160552284
WHEEZING,0.04142644054976744
YELLOW_FINGERS,0.04163559554924472
CHEST PAIN,0.04186161648928856
AGE,0.04505179113065658
FATIGUE ,0.05027622564522074
SWALLOWING DIFFICULTY,0.09982701603561975
ALCOHOL CONSUMING,0.10359926552695298
ALLERGY ,0.10646062986830465
SHORTNESS OF BREATH,0.10897156639546901
PEER_PRESSURE,0.12048308703070629
