feature,mean_importance
CHRONIC DISEASE,0.006678774223595399
WHEEZING,0.006940296357332426
SMOKING,0.0074799531274996585
SWALLOWING DIFFICULTY,0.008117420711941853
ANXIETY,0.013680363769274778
SHORTNESS OF BREATH,0.02368304728767902
YELLOW_FINGERS,0.02713494026661777
FATIGUE ,0.03050620332293097
CHEST PAIN,0.04092698932224152
PEER_PRESSURE,0.04400514594435446
AGE,0.04505587465727164
ALLERGY ,0.05739850278341803
ALCOHOL CONSUMING,0.2099799785758149
