feature,mean_importance
SMOKING,0.007188628153982459
SWALLOWING DIFFICULTY,0.012370798609012901
ANXIETY,0.013532813389639149
CHEST PAIN,0.022985252265193608
WHEEZING,0.026103651580874698
CHRONIC DISEASE,0.03871861151200226
YELLOW_FINGERS,0.0406989907293676
ALLERGY ,0.051593614682170566
FATIGUE ,0.05649356336799596
SHORTNESS OF BREATH,0.057937428317967866
PEER_PRESSURE,0.06121592675043784
AGE,0.07866704254972051
ALCOHOL CONSUMING,0.1370394812456111
