feature,mean_importance
ANXIETY,0.0
COUGHING,0.0
SHORTNESS OF BREATH,0.0
GENDER,0.0022861921529421124
SMOKING,0.004111061684402073
CHRONIC DISEASE,0.007066295337635508
SWALLOWING DIFFICULTY,0.010209573844987585
CHEST PAIN,0.012768850696883471
FATIGUE ,0.018590177996845324
AGE,0.020062280253524512
WHEEZING,0.024320507036682683
YELLOW_FINGERS,0.03556319868435548
ALCOHOL CONSUMING,0.056137964042993815
PEER_PRESSURE,0.06943911018375033
ALLERGY ,0.1298031457359695
