feature,mean_importance
ANXIETY,0.0
SMOKING,0.00046748245543663526
SHORTNESS OF BREATH,0.0005429520844859315
COUGHING,0.0009057001399299158
CHEST PAIN,0.004451473117893573
CHRONIC DISEASE,0.011157369261342105
AGE,0.026407659756863416
GENDER,0.03269980151307936
WHEEZING,0.03676831935848049
FATIGUE ,0.04337949812942515
YELLOW_FINGERS,0.055363617777250004
SWALLOWING DIFFICULTY,0.056663341270398494
ALCOHOL CONSUMING,0.09485759761198706
PEER_PRESSURE,0.1897476134266776
ALLERGY ,0.22280970740959885
