feature,mean_importance
SMOKING,-0.003636136660894085
COUGHING,0.0
CHRONIC DISEASE,0.004202803787789389
ANXIETY,0.0042399815336729655
SHORTNESS OF BREATH,0.004979710281117322
AGE,0.01303787472608523
GENDER,0.01538803647671665
CHEST PAIN,0.021464140370624364
FATIGUE ,0.031241066404333707
WHEEZING,0.03952547769856285
YELLOW_FINGERS,0.05084202815218593
SWALLOWING DIFFICULTY,0.05649589599860979
ALCOHOL CONSUMING,0.06971714776667956
PEER_PRESSURE,0.1614275065513382
ALLERGY ,0.27303630747256336
