feature,mean_importance
YELLOW_FINGERS,0.0
CHEST PAIN,0.0
CHRONIC DISEASE,0.004033384493345693
FATIGUE ,0.004759629960286183
ANXIETY,0.005236691060358711
COUGHING,0.005253633361934185
SMOKING,0.008100585008887839
AGE,0.016670731994355027
SHORTNESS OF BREATH,0.01832406090647063
GENDER,0.024616320079656417
SWALLOWING DIFFICULTY,0.026806824049499432
WHEEZING,0.027227328324403666
ALCOHOL CONSUMING,0.03638520229377355
PEER_PRESSURE,0.03959791224906959
ALLERGY ,0.042826422511314924
