feature,mean_importance
CHRONIC DISEASE,0.0
CHEST PAIN,0.0
ANXIETY,0.0044298839091852175
WHEEZING,0.006841571600463459
COUGHING,0.007016413623832873
FATIGUE ,0.007229599707621603
YELLOW_FINGERS,0.008105665631238091
AGE,0.009357199846273433
SMOKING,0.01307677770457567
SHORTNESS OF BREATH,0.018695217857947876
SWALLOWING DIFFICULTY,0.021707584797660707
PEER_PRESSURE,0.026020647156156995
GENDER,0.030288581391504633
ALLERGY ,0.034178326963279604
ALCOHOL CONSUMING,0.03652571247018945
