feature,mean_importance
AGE,0.026584847095166137
ANXIETY,0.03873878195383233
SMOKING,0.044128060910693136
WHEEZING,0.06941681704907801
CHRONIC DISEASE,0.07135085810368733
CHEST PAIN,0.08319715651089687
ALCOHOL CONSUMING,0.10893271247140127
PEER_PRESSURE,0.10948521309401056
YELLOW_FINGERS,0.12443610810720489
ALLERGY ,0.19420639251912716
SWALLOWING DIFFICULTY,0.2101522416005948
SHORTNESS OF BREATH,0.305378283189152
FATIGUE ,0.4696434135536517
