feature,mean_importance
ANXIETY,0.0058155221394272875
CHRONIC DISEASE,0.008842803650375347
SHORTNESS OF BREATH,0.010186419043068334
AGE,0.013480603742608298
SMOKING,0.02245646247854193
YELLOW_FINGERS,0.026702304676481808
CHEST PAIN,0.03498133973925407
PEER_PRESSURE,0.043851769231776264
WHEEZING,0.05164256586353636
ALCOHOL CONSUMING,0.06135703003386848
ALLERGY ,0.07561615569759095
FATIGUE ,0.08063603269519418
SWALLOWING DIFFICULTY,0.08119800322562476
