feature,mean_importance
CHEST PAIN,-0.017215868243399067
AGE,0.01851570966421192
ANXIETY,0.04370492658125551
YELLOW_FINGERS,0.06995408174087382
ALCOHOL CONSUMING,0.08535197615629432
WHEEZING,0.10910935099807369
CHRONIC DISEASE,0.13230241950105764
SMOKING,0.22262320234570945
SWALLOWING DIFFICULTY,0.24668689048190445
ALLERGY ,0.2796706647949134
SHORTNESS OF BREATH,0.30625270175963404
PEER_PRESSURE,0.3369933636949777
FATIGUE ,0.438061326097366
