feature,mean_importance
ANXIETY,0.0013514439532143706
YELLOW_FINGERS,0.0028062148829143653
CHRONIC DISEASE,0.004113385253324409
CHEST PAIN,0.011809648843641213
SWALLOWING DIFFICULTY,0.015151945512312193
AGE,0.016094659918644134
WHEEZING,0.0196458568286599
SMOKING,0.022172567407241005
ALCOHOL CONSUMING,0.04161856107981718
SHORTNESS OF BREATH,0.05179331250414225
PEER_PRESSURE,0.09043478506250184
ALLERGY ,0.13399411750396878
FATIGUE ,0.19623882141741544
