feature,mean_importance
ANXIETY,0.012740120899624308
AGE,0.016403354520301033
CHEST PAIN,0.02818265235637917
SMOKING,0.030073213423491625
CHRONIC DISEASE,0.036502270391002636
SHORTNESS OF BREATH,0.062108172617992376
YELLOW_FINGERS,0.06222583676879656
ALLERGY ,0.08072461467555099
SWALLOWING DIFFICULTY,0.08723482207387467
WHEEZING,0.09143734048386684
ALCOHOL CONSUMING,0.10816019041840585
FATIGUE ,0.1233248069977118
PEER_PRESSURE,0.12916947798115497
