feature,mean_importance
AGE,0.0
SMOKING,0.0
COUGHING,0.0
SWALLOWING DIFFICULTY,0.0
SHORTNESS OF BREATH,0.021982135731347073
ANXIETY,0.026396506422478816
GENDER,0.02893458709245093
ALLERGY ,0.058376550396110935
PEER_PRESSURE,0.0691423777545753
YELLOW_FINGERS,0.11059557120962502
ALCOHOL CONSUMING,0.12413883535214518
CHEST PAIN,0.13177847255970215
CHRONIC DISEASE,0.6575312443658848
FATIGUE ,1.314670022995615
WHEEZING,1.4711693306701135
