feature,mean_importance
SMOKING,0.002925625889301385
ANXIETY,0.012378611921099293
SWALLOWING DIFFICULTY,0.012956843037717523
CHEST PAIN,0.014054402215105333
WHEEZING,0.02938548717322048
CHRONIC DISEASE,0.03523006830812318
YELLOW_FINGERS,0.037065148566780295
FATIGUE ,0.04803763989002707
ALLERGY ,0.05485188099878061
PEER_PRESSURE,0.0616631823343049
SHORTNESS OF BREATH,0.06929282865373979
AGE,0.07354375635457963
ALCOHOL CONSUMING,0.10710294265868896
