feature,mean_importance
SWALLOWING DIFFICULTY,0.009916201312507807
WHEEZING,0.01836866917878307
ANXIETY,0.024683040220412452
SMOKING,0.030919004981503705
CHEST PAIN,0.03412261332128942
PEER_PRESSURE,0.03860841885400525
YELLOW_FINGERS,0.04548017726451462
CHRONIC DISEASE,0.060244441780294825
FATIGUE ,0.07117188025511448
SHORTNESS OF BREATH,0.09072609282105519
ALLERGY ,0.10955503499306399
AGE,0.17428780786248277
ALCOHOL CONSUMING,0.18337870759078756
