feature,mean_importance
SMOKING,0.006417007661526608
ANXIETY,0.02447203142585918
CHRONIC DISEASE,0.028359117643954445
YELLOW_FINGERS,0.03843601159012971
WHEEZING,0.0399605467089223
AGE,0.04445725680218009
FATIGUE ,0.04598723828400993
CHEST PAIN,0.0478720157333778
SWALLOWING DIFFICULTY,0.07641858160426221
ALCOHOL CONSUMING,0.08887720278097502
ALLERGY ,0.10570889314315164
PEER_PRESSURE,0.12075688985899298
SHORTNESS OF BREATH,0.12414001620055652
