feature,mean_importance
SMOKING,0.001983220736392899
ANXIETY,0.01514595972530961
SWALLOWING DIFFICULTY,0.017412686164295393
YELLOW_FINGERS,0.020108064844412455
CHRONIC DISEASE,0.022891086151830033
WHEEZING,0.02404962895522275
CHEST PAIN,0.025497536666749192
FATIGUE ,0.050379394598171465
AGE,0.052575693732300824
ALLERGY ,0.0540339804953891
PEER_PRESSURE,0.054297739351514586
SHORTNESS OF BREATH,0.07131322634976288
ALCOHOL CONSUMING,0.07540173024598792
