feature,mean_importance
CHRONIC DISEASE,0.005333966789723138
SMOKING,0.008154348591460154
WHEEZING,0.010222594411066353
ANXIETY,0.011714750417939184
FATIGUE ,0.018331952216801638
YELLOW_FINGERS,0.02999300545707927
SWALLOWING DIFFICULTY,0.029998721206770006
CHEST PAIN,0.03336416615423789
AGE,0.03386553921640224
SHORTNESS OF BREATH,0.04314250513685364
PEER_PRESSURE,0.055298531370545675
ALLERGY ,0.08035863704147621
ALCOHOL CONSUMING,0.1903290981925081
