feature,mean_importance
GENDER,0.0
SMOKING,0.0
AGE,0.003358398141769503
ANXIETY,0.00588984630616809
CHRONIC DISEASE,0.007103480644980525
SHORTNESS OF BREATH,0.00717968099782475
YELLOW_FINGERS,0.008055961977551113
CHEST PAIN,0.022579860044382217
COUGHING,0.04498400603735061
FATIGUE ,0.07747393075997167
WHEEZING,0.07751562339833995
ALCOHOL CONSUMING,0.09045323382602832
SWALLOWING DIFFICULTY,0.09220170397775569
PEER_PRESSURE,0.12699360631323084
ALLERGY ,0.1747859936282951
