feature,mean_importance
SMOKING,-0.00739832036187466
ANXIETY,0.0026213049290768177
SHORTNESS OF BREATH,0.009358172848371381
CHRONIC DISEASE,0.014580811171372615
CHEST PAIN,0.02130800756448415
YELLOW_FINGERS,0.02929804069507832
WHEEZING,0.0356714959815682
AGE,0.05682883462518472
SWALLOWING DIFFICULTY,0.06075427728230889
FATIGUE ,0.0827268209306328
ALCOHOL CONSUMING,0.08779499684138062
PEER_PRESSURE,0.12192928570109525
ALLERGY ,0.3687851241068496
