feature,mean_importance
ANXIETY,0.009189511802535449
SHORTNESS OF BREATH,0.009922615395539547
SMOKING,0.015172994667740802
CHEST PAIN,0.023149092386783733
CHRONIC DISEASE,0.03286801953713011
AGE,0.06806747675353103
WHEEZING,0.07914999824663452
FATIGUE ,0.08056903738122974
SWALLOWING DIFFICULTY,0.10304903698096805
YELLOW_FINGERS,0.10424710694445234
ALCOHOL CONSUMING,0.10595492673775549
PEER_PRESSURE,0.12872486487418394
ALLERGY ,0.35038173496438346
