feature,mean_importance
ANXIETY,0.003673313943334017
SHORTNESS OF BREATH,0.004850367851796234
CHEST PAIN,0.011897475559080615
CHRONIC DISEASE,0.01695446588581717
SMOKING,0.02119272862636559
SWALLOWING DIFFICULTY,0.035789123280510836
AGE,0.052103096125172076
WHEEZING,0.056709942347204466
FATIGUE ,0.06793821432105238
PEER_PRESSURE,0.07856617367607487
YELLOW_FINGERS,0.08534688964409898
ALCOHOL CONSUMING,0.12972926464970974
ALLERGY ,0.3246527459640588
