feature,mean_importance
SMOKING,0.0022329683792201268
ANXIETY,0.0024200714064817747
SHORTNESS OF BREATH,0.014743475371997952
CHEST PAIN,0.01839166283256788
WHEEZING,0.03672615836249943
AGE,0.04229277191823738
CHRONIC DISEASE,0.05960837327062375
FATIGUE ,0.06712715158624448
YELLOW_FINGERS,0.07140185872824274
SWALLOWING DIFFICULTY,0.07995206289392325
ALCOHOL CONSUMING,0.11208994320982066
PEER_PRESSURE,0.12301624716889907
ALLERGY ,0.26844756908219153
