feature,mean_importance
SHORTNESS OF BREATH,0.00561035707125106
ANXIETY,0.01065174163289791
SMOKING,0.026191568202526737
SWALLOWING DIFFICULTY,0.03818451200036626
CHEST PAIN,0.03947172658609197
PEER_PRESSURE,0.0469066622089843
WHEEZING,0.058224070227238724
CHRONIC DISEASE,0.06141325309031712
YELLOW_FINGERS,0.09278689092252797
AGE,0.11007542916206536
FATIGUE ,0.1380654637013544
ALCOHOL CONSUMING,0.1403153555373496
ALLERGY ,0.2600474621385839
