feature,mean_importance
SMOKING,-0.005552234330112443
COUGHING,0.0
SHORTNESS OF BREATH,0.006844501432296607
ANXIETY,0.007325326355422729
CHRONIC DISEASE,0.007718823753564391
AGE,0.013540899514758776
GENDER,0.015936340469005328
CHEST PAIN,0.016717266329078207
FATIGUE ,0.031496874531126796
WHEEZING,0.051241550032466256
SWALLOWING DIFFICULTY,0.05288245917237104
YELLOW_FINGERS,0.05627790535577374
ALCOHOL CONSUMING,0.06899650469250276
PEER_PRESSURE,0.18788750180197825
ALLERGY ,0.3164406572891491
