feature,mean_importance
CHRONIC DISEASE,0.007696708334040234
SWALLOWING DIFFICULTY,0.008344162576380671
WHEEZING,0.009675711310093765
SMOKING,0.015918345280413006
FATIGUE ,0.017197222577192493
ANXIETY,0.01902922762447596
CHEST PAIN,0.020505909052647618
SHORTNESS OF BREATH,0.02253615201335179
YELLOW_FINGERS,0.03471581569463393
AGE,0.04101366691941007
PEER_PRESSURE,0.04950049604135432
ALLERGY ,0.08866491087794458
ALCOHOL CONSUMING,0.23252193802755788
