feature,mean_importance
SMOKING,0.005999004840866823
AGE,0.029789426314070333
ANXIETY,0.03371187597835636
WHEEZING,0.0463093836491653
CHRONIC DISEASE,0.04703439571106916
SHORTNESS OF BREATH,0.05473433457319873
YELLOW_FINGERS,0.06460471511093192
CHEST PAIN,0.07030731730318046
PEER_PRESSURE,0.07283956218717932
SWALLOWING DIFFICULTY,0.07703981045245338
FATIGUE ,0.09692535987613479
ALCOHOL CONSUMING,0.10114485508454188
ALLERGY ,0.13435421267220807
