feature,mean_importance
CHEST PAIN,0.007088488420744808
SMOKING,0.007937693974766959
SWALLOWING DIFFICULTY,0.014693117584532997
ANXIETY,0.017816094150167154
WHEEZING,0.02132191544817679
CHRONIC DISEASE,0.046644307267948895
PEER_PRESSURE,0.05123293531715738
YELLOW_FINGERS,0.05164077657854969
FATIGUE ,0.070487115959918
SHORTNESS OF BREATH,0.07160101924939692
ALLERGY ,0.07426020748663002
AGE,0.10027051062009693
ALCOHOL CONSUMING,0.12465233258708237
