feature,mean_importance
WHEEZING,0.01602864289978575
ANXIETY,0.02000829257150802
SWALLOWING DIFFICULTY,0.02425817411472681
SMOKING,0.03374691737253421
PEER_PRESSURE,0.037698727022037595
YELLOW_FINGERS,0.04271739829511126
CHEST PAIN,0.05246542800150665
CHRONIC DISEASE,0.06640837635803096
SHORTNESS OF BREATH,0.07678727975773487
FATIGUE ,0.08143522248181734
ALLERGY ,0.12508135314633936
AGE,0.15108996444839756
ALCOHOL CONSUMING,0.23811281509811585
