feature,mean_importance
SMOKING,0.009965862005654597
ANXIETY,0.0141451129463803
CHEST PAIN,0.02032140865158864
SWALLOWING DIFFICULTY,0.022333959391505988
WHEEZING,0.025018771155507113
YELLOW_FINGERS,0.02570464024840699
CHRONIC DISEASE,0.03733821768482534
PEER_PRESSURE,0.04631956505033171
AGE,0.05449717776007975
SHORTNESS OF BREATH,0.05474476979374706
FATIGUE ,0.058804275126266445
ALLERGY ,0.06391161801777531
ALCOHOL CONSUMING,0.10661705589911519
