feature,mean_importance
SMOKING,0.0
COUGHING,0.0
ANXIETY,0.014522628922143104
AGE,0.01859821732409671
SHORTNESS OF BREATH,0.03002574316824047
YELLOW_FINGERS,0.030434302970490233
PEER_PRESSURE,0.034164503114979504
GENDER,0.03680335916855518
ALLERGY ,0.08275296532810107
ALCOHOL CONSUMING,0.08727564940168239
FATIGUE ,0.09242687345461405
WHEEZING,0.09559138024942766
CHEST PAIN,0.11975261402752255
SWALLOWING DIFFICULTY,0.12368649074102978
CHRONIC DISEASE,0.30344666447358754
