feature,mean_importance
CHEST PAIN,0.0
SMOKING,0.004604317272192316
CHRONIC DISEASE,0.0058221128293972964
AGE,0.019891724481588057
WHEEZING,0.022342915716184998
SHORTNESS OF BREATH,0.028009583961104444
GENDER,0.03387490346872115
YELLOW_FINGERS,0.03537052678398537
ANXIETY,0.038321864531582706
COUGHING,0.04305323106982169
FATIGUE ,0.04830805706985625
SWALLOWING DIFFICULTY,0.05453495430970553
ALCOHOL CONSUMING,0.06821749555861041
PEER_PRESSURE,0.08204232389376971
ALLERGY ,0.11194648295646466
