target,prediction
1,1.0
1,0.5625
1,1.0
1,1.0
1,0.9523809523809523
1,1.0
1,0.9523809523809523
1,0.5625
1,1.0
1,1.0
1,1.0
1,0.75
1,1.0
1,1.0
1,1.0
1,0.64
1,0.9523809523809523
0,0.0
1,0.1875
1,1.0
1,1.0
0,0.0
1,1.0
1,1.0
1,1.0
0,0.0
0,0.1
0,0.05
0,0.0
0,0.0
0,0.1875
0,0.0
0,0.1
0,0.1
0,0.0
0,0.0
0,0.1
0,0.0
0,0.0
0,0.16666666666666666
0,0.16666666666666666
0,0.05
0,0.0
0,0.0
0,0.16666666666666666
0,0.0
