feature,mean_importance
SMOKING,0.0
ANXIETY,0.0
CHRONIC DISEASE,0.0
AGE,0.0003114825877651217
SHORTNESS OF BREATH,0.002427404657266674
CHEST PAIN,0.0031594512832024747
COUGHING,0.00595910045183492
GENDER,0.008518976081578856
YELLOW_FINGERS,0.010998709956764907
FATIGUE ,0.020542655540674824
ALCOHOL CONSUMING,0.023544790243948354
SWALLOWING DIFFICULTY,0.024338144632157423
WHEEZING,0.04590085818547873
ALLERGY ,0.05028909626300495
PEER_PRESSURE,0.0529640589396619
