feature,mean_importance
CHRONIC DISEASE,0.0
COUGHING,0.0
AGE,0.0013796764943399763
SMOKING,0.005645320120851916
GENDER,0.009660881289972856
CHEST PAIN,0.011094839930732459
SHORTNESS OF BREATH,0.012251629766929052
SWALLOWING DIFFICULTY,0.015545287076148884
ANXIETY,0.0344062037585523
ALCOHOL CONSUMING,0.04612061213605292
YELLOW_FINGERS,0.04797808285529548
FATIGUE ,0.05014740652024106
WHEEZING,0.0627737523945622
ALLERGY ,0.0628466488818122
PEER_PRESSURE,0.06674912288886226
