target,prediction
1,1.0
1,1.0
1,1.0
1,1.0
1,1.0
1,1.0
1,1.0
1,1.0
1,1.0
1,1.0
1,1.0
1,0.14285714285714285
1,1.0
1,1.0
1,1.0
1,0.14285714285714285
1,1.0
0,0.0
1,0.5714285714285714
1,1.0
1,1.0
0,0.0
1,1.0
1,1.0
1,1.0
0,0.0
0,0.0
0,0.0
0,0.0
0,0.0
0,0.0
0,0.0
0,0.0
0,0.0
0,0.0
0,0.0
0,0.0
0,0.0
0,0.0
0,0.0
0,0.0
0,0.0
0,0.0
0,0.0
0,0.0
0,0.0
