feature,mean_importance
GENDER,0.0
ANXIETY,0.0
CHEST PAIN,0.0
SMOKING,0.00024965090036112026
SHORTNESS OF BREATH,0.0009366913259142628
CHRONIC DISEASE,0.0010637861998479936
COUGHING,0.0012724146464595854
AGE,0.0070102858698871005
YELLOW_FINGERS,0.009614765702000238
FATIGUE ,0.012557425057281135
SWALLOWING DIFFICULTY,0.020524160185834674
ALCOHOL CONSUMING,0.04104799731317034
WHEEZING,0.048163906468183616
PEER_PRESSURE,0.07887885579412124
ALLERGY ,0.18126345540966687
