feature,mean_importance
YELLOW_FINGERS,-0.278923135486252
CHRONIC DISEASE,-0.22422536808110555
AGE,-0.13860906262626987
ALCOHOL CONSUMING,-0.11558235080390164
SWALLOWING DIFFICULTY,-0.10680891877975296
WHEEZING,-0.10181289421369652
PEER_PRESSURE,-0.08020390831046162
CHEST PAIN,-0.04571202662867032
ALLERGY ,-0.0373226965871112
GENDER,0.0
ANXIETY,0.0
FATIGUE ,0.0
COUGHING,0.0
SMOKING,0.004332262635616502
SHORTNESS OF BREATH,0.01848265868637693
