feature,mean_importance
SWALLOWING DIFFICULTY,-0.0007757416351540175
WHEEZING,0.0041567484050399894
ANXIETY,0.006963568009336346
SHORTNESS OF BREATH,0.00769896829585012
SMOKING,0.012581442898665324
CHRONIC DISEASE,0.013387649396706619
FATIGUE ,0.024234280138956524
CHEST PAIN,0.02646103892022561
YELLOW_FINGERS,0.028832466577812087
PEER_PRESSURE,0.04038141603214078
AGE,0.04309065564142317
ALLERGY ,0.04943341400614289
ALCOHOL CONSUMING,0.21055625430706137
