feature,mean_importance
SMOKING,0.008386876414463973
CHRONIC DISEASE,0.021376487935848565
ANXIETY,0.02915401798052848
CHEST PAIN,0.04014856867477787
FATIGUE ,0.043500533106399016
YELLOW_FINGERS,0.04603191774806198
AGE,0.048595225786987814
WHEEZING,0.050738839493540966
SWALLOWING DIFFICULTY,0.07492075730669139
SHORTNESS OF BREATH,0.10234280047278466
ALLERGY ,0.10865034989513914
ALCOHOL CONSUMING,0.11799821647870394
PEER_PRESSURE,0.14337571028044102
