feature,mean_importance
SMOKING,0.0009152800002777906
CHRONIC DISEASE,0.018121028477618206
ANXIETY,0.019006915870333006
YELLOW_FINGERS,0.019918372341394163
FATIGUE ,0.03580605692203544
WHEEZING,0.03751045093726775
SWALLOWING DIFFICULTY,0.04370776147217731
AGE,0.056560124374445665
CHEST PAIN,0.057780883362102076
ALLERGY ,0.06232604505024074
SHORTNESS OF BREATH,0.06626325901116822
PEER_PRESSURE,0.1091071137186254
ALCOHOL CONSUMING,0.11147055007134062
