feature,mean_importance
SWALLOWING DIFFICULTY,0.013175724530549337
ANXIETY,0.019192717534329374
WHEEZING,0.02647874196358403
FATIGUE ,0.027648489396075938
SMOKING,0.03688642204459093
CHEST PAIN,0.03931359235328198
YELLOW_FINGERS,0.040348972960642306
CHRONIC DISEASE,0.051668894616372564
PEER_PRESSURE,0.06756069413593577
ALLERGY ,0.09178500312726405
SHORTNESS OF BREATH,0.11935470958653593
AGE,0.18762315085396902
ALCOHOL CONSUMING,0.24741638843996167
