feature,mean_importance
SMOKING,0.010514055593564392
YELLOW_FINGERS,0.016220828429013436
FATIGUE ,0.016584316163692842
ANXIETY,0.01993262762269878
SWALLOWING DIFFICULTY,0.02077313356507484
CHEST PAIN,0.023561275616437134
WHEEZING,0.03424817926951405
CHRONIC DISEASE,0.035855566455277585
SHORTNESS OF BREATH,0.06170671153697328
AGE,0.07938648161520664
ALLERGY ,0.09251380160783668
ALCOHOL CONSUMING,0.11027918502998083
PEER_PRESSURE,0.11139294829777673
