feature,mean_importance
ANXIETY,0.0
CHEST PAIN,0.0002851928778420332
AGE,0.000355037665496688
SMOKING,0.0018617545471077078
SHORTNESS OF BREATH,0.006654451940335848
GENDER,0.013091154910761304
COUGHING,0.018613423237270908
YELLOW_FINGERS,0.025206979503945747
ALCOHOL CONSUMING,0.02816652942236212
WHEEZING,0.029640657300531205
SWALLOWING DIFFICULTY,0.041384774835063934
CHRONIC DISEASE,0.04486428956181635
PEER_PRESSURE,0.07330695155871984
FATIGUE ,0.13210208713532326
ALLERGY ,0.16221938923712537
