feature,mean_importance
GENDER,-0.000556254774806264
ANXIETY,0.0
CHEST PAIN,0.0005956773981103281
SMOKING,0.0006811942131151772
SHORTNESS OF BREATH,0.0017219730448147508
AGE,0.006222386035954919
COUGHING,0.018279912094770777
WHEEZING,0.02602231524982219
CHRONIC DISEASE,0.026872609521667735
ALCOHOL CONSUMING,0.037489920117240914
YELLOW_FINGERS,0.03916621190363397
SWALLOWING DIFFICULTY,0.06062930457499517
FATIGUE ,0.09034893901476654
ALLERGY ,0.12411034242116062
PEER_PRESSURE,0.12869296301667504
