feature,mean_importance
SHORTNESS OF BREATH,-0.00034011157054634756
ANXIETY,0.0
CHEST PAIN,0.0
SMOKING,0.002576498746677569
AGE,0.003663015202105441
GENDER,0.0069928187192731025
WHEEZING,0.019320208378070247
ALCOHOL CONSUMING,0.024107552108080205
CHRONIC DISEASE,0.02652875765062942
YELLOW_FINGERS,0.04107586783523516
COUGHING,0.05638736463078413
SWALLOWING DIFFICULTY,0.057168273265732594
PEER_PRESSURE,0.06279328348800887
FATIGUE ,0.08894210803623193
ALLERGY ,0.15500444874145944
