feature,mean_importance
AGE,-0.004927572518125645
FATIGUE ,0.0
SHORTNESS OF BREATH,0.0
SWALLOWING DIFFICULTY,0.0
GENDER,0.00028550414435027924
SMOKING,0.002257594311667255
CHRONIC DISEASE,0.007212017116445313
PEER_PRESSURE,0.009183416701314085
CHEST PAIN,0.014422383491079206
YELLOW_FINGERS,0.015010293666447516
ALCOHOL CONSUMING,0.022188082072288028
ANXIETY,0.02333796134065892
WHEEZING,0.02471318676934653
COUGHING,0.047131159327660634
ALLERGY ,0.05509481083915981
