feature,mean_importance
GENDER,0.0
PEER_PRESSURE,0.0
FATIGUE ,0.0
SHORTNESS OF BREATH,0.0
SWALLOWING DIFFICULTY,0.0
SMOKING,0.0003125120489036348
AGE,0.0014795111776687796
CHRONIC DISEASE,0.008874130473862662
CHEST PAIN,0.01868421181558879
ALCOHOL CONSUMING,0.02209002453896456
ANXIETY,0.027355106253944484
YELLOW_FINGERS,0.029218085057284647
WHEEZING,0.03218689267303735
ALLERGY ,0.05657695455195687
COUGHING,0.05914668693042059
