feature,mean_importance
SMOKING,-0.0014942358747364048
GENDER,0.0
PEER_PRESSURE,0.0
CHRONIC DISEASE,0.0
SHORTNESS OF BREATH,0.0
SWALLOWING DIFFICULTY,0.0
AGE,0.0005840501504400297
ANXIETY,0.0016443113642274799
CHEST PAIN,0.010313761674457755
YELLOW_FINGERS,0.029243803544577618
FATIGUE ,0.030121940689302296
ALCOHOL CONSUMING,0.04146811651588361
WHEEZING,0.04521767250444071
COUGHING,0.05691678355185977
ALLERGY ,0.09200176511610235
