feature,mean_importance
ANXIETY,0.0
FATIGUE ,0.0
COUGHING,0.0
AGE,1.1102230246251566e-17
CHEST PAIN,1.1102230246251566e-17
GENDER,0.0017242210222187082
SMOKING,0.007866084847531197
SWALLOWING DIFFICULTY,0.013834793092218878
YELLOW_FINGERS,0.01668369214122555
SHORTNESS OF BREATH,0.02596023756730247
CHRONIC DISEASE,0.03104549040536747
WHEEZING,0.06168444926329386
ALCOHOL CONSUMING,0.11919746447145403
ALLERGY ,0.19102648311903775
PEER_PRESSURE,0.24155695938122
