feature,mean_importance
AGE,0.0
ANXIETY,0.0
FATIGUE ,0.0
COUGHING,0.0
SHORTNESS OF BREATH,0.0
SWALLOWING DIFFICULTY,0.0
CHEST PAIN,0.0
GENDER,0.002456836958996067
SMOKING,0.025740212719253752
YELLOW_FINGERS,0.02894579413197541
ALCOHOL CONSUMING,0.04796757893120444
WHEEZING,0.0959266062828473
PEER_PRESSURE,0.17692612704916844
CHRONIC DISEASE,0.30084615416302046
ALLERGY ,1.4917590658626394
