feature,mean_importance
GENDER,0.0
SMOKING,0.0
CHRONIC DISEASE,0.0014986981082840023
AGE,0.014469727527347643
WHEEZING,0.015834563668167267
COUGHING,0.024798278856955448
ANXIETY,0.027196962650816947
YELLOW_FINGERS,0.02927870220163258
SHORTNESS OF BREATH,0.03435866774301458
FATIGUE ,0.03751868398419992
SWALLOWING DIFFICULTY,0.04636529295675612
CHEST PAIN,0.050748545719103366
PEER_PRESSURE,0.05730921155748847
ALLERGY ,0.07378722150116543
ALCOHOL CONSUMING,0.0763595632416043
